dataset,sequence,method,elapsed_s,dist_traveled_m,drift_m,drift_abs_m,drift_pct
helipr,bridge01,v_forward,2143.797064448,23045.266193385607,-0.9820612185612845,0.9820612185612845,-0.004261444455968806
helipr,bridge01,v_central,2143.797064448,23045.266193385607,-1.1758908036354114,1.1758908036354114,-0.005102526452798851
helipr,bridge01,v_savgol_w7p3,2143.797064448,23045.266193385607,-1.042441603502084,1.042441603502084,-0.004523452212503768
helipr,bridge01,v_family_a_W3,2143.797064448,23045.266193385607,-1.0328297802770976,1.0328297802770976,-0.00448174376294919
helipr,bridge01,v_family_a_W5,2143.797064448,23045.266193385607,-1.077858672811999,1.077858672811999,-0.004677137004047118
helipr,bridge01,v_family_a_W7,2143.797064448,23045.266193385607,-1.092246433669061,1.092246433669061,-0.004739569612706642
helipr,dcc05,v_forward,1080.891201024,5305.908571259967,-0.28337526192535734,0.28337526192535734,-0.005340749055878768
helipr,dcc05,v_central,1080.891201024,5305.908571259967,-0.5937674901706487,0.5937674901706487,-0.011190684539625411
helipr,dcc05,v_savgol_w7p3,1080.891201024,5305.908571259967,-0.4589139396584869,0.4589139396584869,-0.00864911133494166
helipr,dcc05,v_family_a_W3,1080.891201024,5305.908571259967,-0.45778336563307676,0.45778336563307676,-0.008627803504054147
helipr,dcc05,v_family_a_W5,1080.891201024,5305.908571259967,-0.7291448042515185,0.7291448042515185,-0.013742129070994757
helipr,dcc05,v_family_a_W7,1080.891201024,5305.908571259967,-0.9580154184714047,0.9580154184714047,-0.01805563374500269
helipr,kaist05,v_forward,1247.58320128,6879.393716016873,-2.617744712711101,2.617744712711101,-0.03805196825145166
helipr,kaist05,v_central,1247.58320128,6879.393716016873,-2.754371755997454,2.754371755997454,-0.04003800145330566
helipr,kaist05,v_savgol_w7p3,1247.58320128,6879.393716016873,-2.660745714634686,2.660745714634686,-0.0386770378971018
helipr,kaist05,v_family_a_W3,1247.58320128,6879.393716016873,-2.67109385794447,2.67109385794447,-0.03882746021245339
helipr,kaist05,v_family_a_W5,1247.58320128,6879.393716016873,-2.7791318777517517,2.7791318777517517,-0.040397918660786465
helipr,kaist05,v_family_a_W7,1247.58320128,6879.393716016873,-2.810534588313203,2.810534588313203,-0.04085439363311343
helipr,riverside05,v_forward,855.002921472,6392.355297066538,-0.5100630587858177,0.5100630587858177,-0.007979266406231932
helipr,riverside05,v_central,855.002921472,6392.355297066538,-0.2840239822971853,0.2840239822971853,-0.004443182036948484
helipr,riverside05,v_savgol_w7p3,855.002921472,6392.355297066538,-0.20201065459150414,0.20201065459150414,-0.00316019127854497
helipr,riverside05,v_family_a_W3,855.002921472,6392.355297066538,-0.23423621818619722,0.23423621818619722,-0.003664317881293122
helipr,riverside05,v_family_a_W5,855.002921472,6392.355297066538,-0.24976601309936086,0.24976601309936086,-0.0039072611188239
helipr,riverside05,v_family_a_W7,855.002921472,6392.355297066538,-0.2235971818363396,0.2235971818363396,-0.0034978841357417773
helipr,roundabout01,v_forward,2729.510208512,9036.681033249683,-3.126315354662438,3.126315354662438,-0.034595836050419757
helipr,roundabout01,v_central,2729.510208512,9036.681033249683,-3.958368512792731,3.958368512792731,-0.04380334437199076
helipr,roundabout01,v_savgol_w7p3,2729.510208512,9036.681033249683,-3.8851298988756753,3.8851298988756753,-0.042992885159724874
helipr,roundabout01,v_family_a_W3,2729.510208512,9036.681033249683,-3.8369361715140258,3.8369361715140258,-0.042459572905100364
helipr,roundabout01,v_family_a_W5,2729.510208512,9036.681033249683,-3.9759868269538856,3.9759868269538856,-0.04399830880745472
helipr,roundabout01,v_family_a_W7,2729.510208512,9036.681033249683,-3.9723825154378574,3.9723825154378574,-0.04395842346124447
helipr,town01,v_forward,2413.907833088,7828.270561318673,-3.98211399469983,3.98211399469983,-0.05086837461107173
helipr,town01,v_central,2413.907833088,7828.270561318673,-4.261923601219678,4.261923601219678,-0.05444272228247763
helipr,town01,v_savgol_w7p3,2413.907833088,7828.270561318673,-4.106320842623973,4.106320842623973,-0.05245501941277132
helipr,town01,v_family_a_W3,2413.907833088,7828.270561318673,-4.1816613650698855,4.1816613650698855,-0.0534174353366433
helipr,town01,v_family_a_W5,2413.907833088,7828.270561318673,-4.515539602006356,4.515539602006356,-0.05768246724019351
helipr,town01,v_family_a_W7,2413.907833088,7828.270561318673,-4.638856819307875,4.638856819307875,-0.05925774771032517
oxford,2014-11-25-09-18-32_rtk,v_forward,2391.996906,9047.842577653037,334.3990764565733,334.3990764565733,3.6958984817275047
oxford,2014-11-25-09-18-32_rtk,v_central,2391.996906,9047.842577653037,282.2957117456299,282.2957117456299,3.1200334148481166
oxford,2014-11-25-09-18-32_rtk,v_savgol_w7p3,2391.996906,9047.842577653037,447.99480950008183,447.99480950008183,4.951399249657252
oxford,2014-11-25-09-18-32_rtk,v_family_a_W3,2391.996906,9047.842577653037,293.0909064542302,293.0909064542302,3.2393457770598886
oxford,2014-11-25-09-18-32_rtk,v_family_a_W5,2391.996906,9047.842577653037,245.4903753166709,245.4903753166709,2.713247641189065
oxford,2014-11-25-09-18-32_rtk,v_family_a_W7,2391.996906,9047.842577653037,234.23275967076188,234.23275967076188,2.5888244369910405
oxford,2014-12-09-13-21-02_rtk,v_forward,2359.998982,8917.5829559651,10.367309765033497,10.367309765033497,0.11625694783246905
oxford,2014-12-09-13-21-02_rtk,v_central,2359.998982,8917.5829559651,-3.9881095926666603,3.9881095926666603,-0.044721867039083235
oxford,2014-12-09-13-21-02_rtk,v_savgol_w7p3,2359.998982,8917.5829559651,135.04583070308217,135.04583070308217,1.5143770612500786
oxford,2014-12-09-13-21-02_rtk,v_family_a_W3,2359.998982,8917.5829559651,-13.608004061410611,13.608004061410611,-0.15259744853069207
oxford,2014-12-09-13-21-02_rtk,v_family_a_W5,2359.998982,8917.5829559651,-17.998325800854218,17.998325800854218,-0.20182964251333238
oxford,2014-12-09-13-21-02_rtk,v_family_a_W7,2359.998982,8917.5829559651,-7.827611426204385,7.827611426204385,-0.08777727625139033
oxford,2015-02-13-09-16-26_rtk,v_forward,2209.996771,9007.596673576614,31.38624031624022,31.38624031624022,0.3484418924784939
oxford,2015-02-13-09-16-26_rtk,v_central,2209.996771,9007.596673576614,-3.07684292506201,3.07684292506201,-0.034158311440473266
oxford,2015-02-13-09-16-26_rtk,v_savgol_w7p3,2209.996771,9007.596673576614,-412.2083186029795,412.2083186029795,-4.576229748520761
oxford,2015-02-13-09-16-26_rtk,v_family_a_W3,2209.996771,9007.596673576614,-26.10607477598751,26.10607477598751,-0.2898228653217625
oxford,2015-02-13-09-16-26_rtk,v_family_a_W5,2209.996771,9007.596673576614,-17.82900749428336,17.82900749428336,-0.19793301299317678
oxford,2015-02-13-09-16-26_rtk,v_family_a_W7,2209.996771,9007.596673576614,-12.789053346738001,12.789053346738001,-0.14198075036212626
nuscenes,scene-0001,v_forward,19.41835,103.26685863244404,1.154305611371484,1.154305611371484,1.1177890241437325
nuscenes,scene-0001,v_central,19.41835,103.26685863244404,1.0467086834526356,1.0467086834526356,1.0135959370839078
nuscenes,scene-0001,v_savgol_w7p3,19.41835,103.26685863244404,2.1493300420191446,2.1493300420191446,2.081335745545643
nuscenes,scene-0001,v_family_a_W3,19.41835,103.26685863244404,1.0569807735835752,1.0569807735835752,1.023543068493706
nuscenes,scene-0001,v_family_a_W5,19.41835,103.26685863244404,1.0454142895805916,1.0454142895805916,1.0123424915068993
nuscenes,scene-0001,v_family_a_W7,19.41835,103.26685863244404,1.0448827880376115,1.0448827880376115,1.0118278040747273
nuscenes,scene-0061,v_forward,19.09956,90.51707921776614,-0.16138249491824297,0.16138249491824297,-0.17828955188665413
nuscenes,scene-0061,v_central,19.09956,90.51707921776614,0.21122842542951048,0.21122842542951048,0.2333575356771475
nuscenes,scene-0061,v_savgol_w7p3,19.09956,90.51707921776614,2.1567372947977503,2.1567372947977503,2.3826854704503537
nuscenes,scene-0061,v_family_a_W3,19.09956,90.51707921776614,0.23030814625896312,0.23030814625896312,0.25443612216528483
nuscenes,scene-0061,v_family_a_W5,19.09956,90.51707921776614,0.21451473738612492,0.21451473738612492,0.2369881344381926
nuscenes,scene-0061,v_family_a_W7,19.09956,90.51707921776614,0.20957197416451834,0.20957197416451834,0.23152754814406873
nuscenes,scene-0103,v_forward,19.339665,115.55120016799212,1.8186939741112695,1.8186939741112695,1.5739291080206805
nuscenes,scene-0103,v_central,19.339665,115.55120016799212,1.8346134733151729,1.8346134733151729,1.5877061169835984
nuscenes,scene-0103,v_savgol_w7p3,19.339665,115.55120016799212,1.9658010239792247,1.9658010239792247,1.7012380841750487
nuscenes,scene-0103,v_family_a_W3,19.339665,115.55120016799212,1.8286928060321799,1.8286928060321799,1.5825822694818974
nuscenes,scene-0103,v_family_a_W5,19.339665,115.55120016799212,1.8333385840286098,1.8333385840286098,1.5866028058239483
nuscenes,scene-0103,v_family_a_W7,19.339665,115.55120016799212,1.8320007415878052,1.8320007415878052,1.5854450139197018
nuscenes,scene-0500,v_forward,19.579256,117.63273394072436,1.335340511032996,1.335340511032996,1.1351776553164867
nuscenes,scene-0500,v_central,19.579256,117.63273394072436,1.3220532536943779,1.3220532536943779,1.123882111216225
nuscenes,scene-0500,v_savgol_w7p3,19.579256,117.63273394072436,2.493453596907102,2.493453596907102,2.1196936544580898
nuscenes,scene-0500,v_family_a_W3,19.579256,117.63273394072436,1.3143638123488586,1.3143638123488586,1.117345290139369
nuscenes,scene-0500,v_family_a_W5,19.579256,117.63273394072436,1.3217614156770736,1.3217614156770736,1.1236340186933977
nuscenes,scene-0500,v_family_a_W7,19.579256,117.63273394072436,1.319884622386553,1.319884622386553,1.1220385501298036
nuscenes,scene-0750,v_forward,19.459624,28.403360885396413,0.7024719172711187,0.7024719172711187,2.4731999854013567
nuscenes,scene-0750,v_central,19.459624,28.403360885396413,0.4842712117727288,0.4842712117727288,1.7049785542165077
nuscenes,scene-0750,v_savgol_w7p3,19.459624,28.403360885396413,0.8061756336081238,0.8061756336081238,2.838310708584557
nuscenes,scene-0750,v_family_a_W3,19.459624,28.403360885396413,0.49154854249742286,0.49154854249742286,1.7305999261170268
nuscenes,scene-0750,v_family_a_W5,19.459624,28.403360885396413,0.4815254743396693,0.4815254743396693,1.6953116086598246
nuscenes,scene-0750,v_family_a_W7,19.459624,28.403360885396413,0.4766712451978883,0.4766712451978883,1.6782212750145662
nuscenes,scene-1000,v_forward,19.7596,104.13840282774342,0.6472664793070777,0.6472664793070777,0.6215444655683158
nuscenes,scene-1000,v_central,19.7596,104.13840282774342,0.508069273596206,0.508069273596206,0.48787888022117015
nuscenes,scene-1000,v_savgol_w7p3,19.7596,104.13840282774342,1.479533075069483,1.479533075069483,1.4207372447576294
nuscenes,scene-1000,v_family_a_W3,19.7596,104.13840282774342,0.5026484370629447,0.5026484370629447,0.48267346474900474
nuscenes,scene-1000,v_family_a_W5,19.7596,104.13840282774342,0.5103625185963949,0.5103625185963949,0.49008099292687607
nuscenes,scene-1000,v_family_a_W7,19.7596,104.13840282774342,0.5109870334555495,0.5109870334555495,0.49068068990915803
kitti,2011_09_30_drive_0028_sync,v_forward,537.779164928,4115.801090622394,14.289201470905937,14.289201470905937,0.3471791069656652
kitti,2011_09_30_drive_0028_sync,v_central,537.779164928,4115.801090622394,13.678807933863027,13.678807933863027,0.33234861531645365
kitti,2011_09_30_drive_0028_sync,v_savgol_w7p3,537.779164928,4115.801090622394,172.06498154289784,172.06498154289784,4.180595168579394
kitti,2011_09_30_drive_0028_sync,v_family_a_W3,537.779164928,4115.801090622394,13.870813971136158,13.870813971136158,0.33701371047157686
kitti,2011_09_30_drive_0028_sync,v_family_a_W5,537.779164928,4115.801090622394,13.481399319903176,13.481399319903176,0.3275522558808717
kitti,2011_09_30_drive_0028_sync,v_family_a_W7,537.779164928,4115.801090622394,13.131327919251817,13.131327919251817,0.3190467087724613
kitti,2011_10_03_drive_0027_sync,v_forward,470.836562432,3719.9446821028864,3.0327940383276655,3.0327940383276655,0.08152793381360783
kitti,2011_10_03_drive_0027_sync,v_central,470.836562432,3719.9446821028864,2.63292502860304,2.63292502860304,0.07077860703871129
kitti,2011_10_03_drive_0027_sync,v_savgol_w7p3,470.836562432,3719.9446821028864,136.6480044535083,136.6480044535083,3.67338807781037
kitti,2011_10_03_drive_0027_sync,v_family_a_W3,470.836562432,3719.9446821028864,2.7916790463041252,2.7916790463041252,0.07504625162130066
kitti,2011_10_03_drive_0027_sync,v_family_a_W5,470.836562432,3719.9446821028864,2.6858112801119205,2.6858112801119205,0.07220030160753978
kitti,2011_10_03_drive_0027_sync,v_family_a_W7,470.836562432,3719.9446821028864,2.567380307408257,2.567380307408257,0.06901662596651614
kitti,2011_10_03_drive_0034_sync,v_forward,483.4849984,5062.020287179113,-0.7517508410546725,0.7517508410546725,-0.014850806563511362
kitti,2011_10_03_drive_0034_sync,v_central,483.4849984,5062.020287179113,-0.7864378408385164,0.7864378408385164,-0.015536046799938264
kitti,2011_10_03_drive_0034_sync,v_savgol_w7p3,483.4849984,5062.020287179113,184.8839986350913,184.8839986350913,3.6523756948062465
kitti,2011_10_03_drive_0034_sync,v_family_a_W3,483.4849984,5062.020287179113,-0.6097510281788345,0.6097510281788345,-0.01204560617276047
kitti,2011_10_03_drive_0034_sync,v_family_a_W5,483.4849984,5062.020287179113,-0.6399292749438246,0.6399292749438246,-0.012641776181036105
kitti,2011_10_03_drive_0034_sync,v_family_a_W7,483.4849984,5062.020287179113,-0.6759561121089064,0.6759561121089064,-0.013353484849140994
kitti360,2013_05_28_drive_0000_extract,v_central,1203.878229,8355.259473751568,20.929004027299015,20.929004027299015,0.25048897754819516
kitti360,2013_05_28_drive_0000_extract,v_family_a_W3,1203.878229,8355.259473751568,21.203156429994124,21.203156429994124,0.25377017310599165
kitti360,2013_05_28_drive_0000_extract,v_family_a_W5,1203.878229,8355.259473751568,21.112014961472596,21.112014961472596,0.25267934560018107
kitti360,2013_05_28_drive_0000_extract,v_family_a_W7,1203.878229,8355.259473751568,21.041663319874715,21.041663319874715,0.25183734132947116
kitti360,2013_05_28_drive_0002_extract,v_central,2013.163353,15147.096866982663,150.21980615867506,150.21980615867506,0.9917399187307052
kitti360,2013_05_28_drive_0002_extract,v_family_a_W3,2013.163353,15147.096866982663,151.05048275672743,151.05048275672743,0.9972239834683057
kitti360,2013_05_28_drive_0002_extract,v_family_a_W5,2013.163353,15147.096866982663,150.80848594662712,150.80848594662712,0.9956263386375802
kitti360,2013_05_28_drive_0002_extract,v_family_a_W7,2013.163353,15147.096866982663,150.5608876114875,150.5608876114875,0.993991712957729
kitti360,2013_05_28_drive_0003_extract,v_central,108.297964,1379.8083965282183,-0.8161060023580831,0.8161060023580831,-0.0591463281721951
kitti360,2013_05_28_drive_0003_extract,v_family_a_W3,108.297964,1379.8083965282183,-0.8013319763936124,0.8013319763936124,-0.05807559791706373
kitti360,2013_05_28_drive_0003_extract,v_family_a_W5,108.297964,1379.8083965282183,-0.7989162661481259,0.7989162661481259,-0.05790052214193693
kitti360,2013_05_28_drive_0003_extract,v_family_a_W7,108.297964,1379.8083965282183,-0.804527047523834,0.804527047523834,-0.058307156960932485
kitti360,2013_05_28_drive_0004_extract,v_central,1211.47809,10004.612973851066,56.29042062395638,56.29042062395638,0.5626446597292865
kitti360,2013_05_28_drive_0004_extract,v_family_a_W3,1211.47809,10004.612973851066,56.63620332969549,56.63620332969549,0.5661008924355678
kitti360,2013_05_28_drive_0004_extract,v_family_a_W5,1211.47809,10004.612973851066,56.56463804647501,56.56463804647501,0.5653855695799259
kitti360,2013_05_28_drive_0004_extract,v_family_a_W7,1211.47809,10004.612973851066,56.50048891978258,56.50048891978258,0.5647443740948023
kitti360,2013_05_28_drive_0005_extract,v_central,705.397201,4661.940203060076,11.210898551054015,11.210898551054015,0.24047709886315644
kitti360,2013_05_28_drive_0005_extract,v_family_a_W3,705.397201,4661.940203060076,11.441749362134942,11.441749362134942,0.24542891722687973
kitti360,2013_05_28_drive_0005_extract,v_family_a_W5,705.397201,4661.940203060076,11.35067813126443,11.35067813126443,0.24347541231468173
kitti360,2013_05_28_drive_0005_extract,v_family_a_W7,705.397201,4661.940203060076,11.26895663409232,11.26895663409232,0.24172246196327077
kitti360,2013_05_28_drive_0006_extract,v_central,1014.181672,7909.8954568640265,41.80420653546207,41.80420653546207,0.5285051713191145
kitti360,2013_05_28_drive_0006_extract,v_family_a_W3,1014.181672,7909.8954568640265,42.08354484661231,42.08354484661231,0.5320366757830304
kitti360,2013_05_28_drive_0006_extract,v_family_a_W5,1014.181672,7909.8954568640265,41.95818801727546,41.95818801727546,0.530451865591537
kitti360,2013_05_28_drive_0006_extract,v_family_a_W7,1014.181672,7909.8954568640265,41.86546584284497,41.86546584284497,0.529279635504096
kitti360,2013_05_28_drive_0007_extract,v_central,355.193462,4896.72935504986,-3.001451002281101,3.001451002281101,-0.06129501519592437
kitti360,2013_05_28_drive_0007_extract,v_family_a_W3,355.193462,4896.72935504986,-2.9748331200862594,2.9748331200862594,-0.060751430279037115
kitti360,2013_05_28_drive_0007_extract,v_family_a_W5,355.193462,4896.72935504986,-2.9857568419711242,2.9857568419711242,-0.060974512281182065
kitti360,2013_05_28_drive_0007_extract,v_family_a_W7,355.193462,4896.72935504986,-2.9872547292907257,2.9872547292907257,-0.06100510182802024
kitti360,2013_05_28_drive_0008_extract,v_central,923.583041,7126.401725714366,-4.432728451512048,4.432728451512048,-0.06220149553900853
kitti360,2013_05_28_drive_0008_extract,v_family_a_W3,923.583041,7126.401725714366,-4.208230537498821,4.208230537498821,-0.059051267378236086
kitti360,2013_05_28_drive_0008_extract,v_family_a_W5,923.583041,7126.401725714366,-4.249475573601558,4.249475573601558,-0.05963003121572663
kitti360,2013_05_28_drive_0008_extract,v_family_a_W7,923.583041,7126.401725714366,-4.294230378578504,4.294230378578504,-0.06025804527807533
kitti360,2013_05_28_drive_0009_extract,v_central,1470.403175,10546.186540142626,9.524657995207235,9.524657995207235,0.09031376373775411
kitti360,2013_05_28_drive_0009_extract,v_family_a_W3,1470.403175,10546.186540142626,9.569704806246591,9.569704806246591,0.09074090212439169
kitti360,2013_05_28_drive_0009_extract,v_family_a_W5,1470.403175,10546.186540142626,9.379882975235887,9.379882975235887,0.08894099245763042
kitti360,2013_05_28_drive_0009_extract,v_family_a_W7,1470.403175,10546.186540142626,9.147492576439618,9.147492576439618,0.08673744335567107
kitti360,2013_05_28_drive_0010_extract,v_central,400.192666,3331.755009320174,7.317997735325662,7.317997735325662,0.2196439328478374
kitti360,2013_05_28_drive_0010_extract,v_family_a_W3,400.192666,3331.755009320174,7.3705742950483,7.3705742950483,0.22122197683893405
kitti360,2013_05_28_drive_0010_extract,v_family_a_W5,400.192666,3331.755009320174,7.253138536858387,7.253138536858387,0.21769723513789657
kitti360,2013_05_28_drive_0010_extract,v_family_a_W7,400.192666,3331.755009320174,7.177545954238667,7.177545954238667,0.215428383364334
boreas,boreas-2020-11-26-13-58,v_central,1075.3993690013885,7945.009120360734,-0.6324466696587479,0.6324466696587479,-0.007960301367533638
boreas,boreas-2020-11-26-13-58,v_family_a_W3,1075.3993690013885,7945.009120360734,-0.512474534906687,0.512474534906687,-0.0064502699385626215
boreas,boreas-2020-11-26-13-58,v_family_a_W5,1075.3993690013885,7945.009120360734,-0.537483294334379,0.537483294334379,-0.006765043138301334
boreas,boreas-2020-11-26-13-58,v_family_a_W7,1075.3993690013885,7945.009120360734,-0.5439853127963943,0.5439853127963943,-0.006846880910461374
boreas,boreas-2021-06-17-17-52,v_central,1274.8045122623444,7958.848592431158,-1.0430009137880916,1.0430009137880916,-0.013104922171530973
boreas,boreas-2021-06-17-17-52,v_family_a_W3,1274.8045122623444,7958.848592431158,-0.8666000685470863,0.8666000685470863,-0.01088851054876481
boreas,boreas-2021-06-17-17-52,v_family_a_W5,1274.8045122623444,7958.848592431158,-0.9431906663794507,0.9431906663794507,-0.011850843189508874
boreas,boreas-2021-06-17-17-52,v_family_a_W7,1274.8045122623444,7958.848592431158,-1.0079506163019687,1.0079506163019687,-0.012664528098455433
boreas,boreas-2021-09-02-11-42,v_central,1073.5029294490814,7963.654738513406,-0.7396635265849909,0.7396635265849909,-0.00928799088950792
boreas,boreas-2021-09-02-11-42,v_family_a_W3,1073.5029294490814,7963.654738513406,-0.6174746577198675,0.6174746577198675,-0.007753659318424105
boreas,boreas-2021-09-02-11-42,v_family_a_W5,1073.5029294490814,7963.654738513406,-0.6703822292265613,0.6703822292265613,-0.008418022267897856
boreas,boreas-2021-09-02-11-42,v_family_a_W7,1073.5029294490814,7963.654738513406,-0.6965560445432857,0.6965560445432857,-0.008746688140240913
pit30m,00682fa6_00,v_central,237.699773311615,1692.6158394705037,-0.27866793502789733,0.27866793502789733,-0.0164637437822319
pit30m,00682fa6_00,v_family_a_W3,237.699773311615,1692.6158394705037,-0.27844621123585966,0.27844621123585966,-0.016450644307036924
pit30m,00682fa6_00,v_family_a_W5,237.699773311615,1692.6158394705037,-0.2785132047713432,0.2785132047713432,-0.01645460229525382
pit30m,00682fa6_00,v_family_a_W7,237.699773311615,1692.6158394705037,-0.27867912871988665,0.27867912871988665,-0.01646440510724897
pit30m,00682fa6_01,v_central,166.86984086036682,1094.9536489856641,-0.20824163996962852,0.20824163996962852,-0.019018306406169614
pit30m,00682fa6_01,v_family_a_W3,166.86984086036682,1094.9536489856641,-0.20806593284623887,0.20806593284623887,-0.01900225941426704
pit30m,00682fa6_01,v_family_a_W5,166.86984086036682,1094.9536489856641,-0.20812406742402345,0.20812406742402345,-0.01900756873287048
pit30m,00682fa6_01,v_family_a_W7,166.86984086036682,1094.9536489856641,-0.20826692034552252,0.20826692034552252,-0.01902061521402805
pit30m,00682fa6_02,v_central,488.46953415870667,2678.1079362297405,-1.773059508796905,1.773059508796905,-0.06620567770293198
pit30m,00682fa6_02,v_family_a_W3,488.46953415870667,2678.1079362297405,-1.7721962882287698,1.7721962882287698,-0.06617344522430565
pit30m,00682fa6_02,v_family_a_W5,488.46953415870667,2678.1079362297405,-1.7724644149852793,1.7724644149852793,-0.0661834570222949
pit30m,00682fa6_02,v_family_a_W7,488.46953415870667,2678.1079362297405,-1.7731311414122501,1.7731311414122501,-0.06620835245006879
pit30m,00682fa6_03,v_central,331.83968353271484,6.053296536367652,-0.0007332860481934489,0.0007332860481934489,-0.01211382994023064
pit30m,00682fa6_03,v_family_a_W3,331.83968353271484,6.053296536367652,-9.884941098103894e-05,9.884941098103894e-05,-0.0016329847775862411
pit30m,00682fa6_03,v_family_a_W5,331.83968353271484,6.053296536367652,-0.0005797974788555038,0.0005797974788555038,-0.009578210407703201
pit30m,00682fa6_03,v_family_a_W7,331.83968353271484,6.053296536367652,-0.0016931503183865715,0.0016931503183865715,-0.027970714935478203
pit30m,00a05077_00,v_central,141.62986493110657,549.3359688639897,-0.07892534024608722,0.07892534024608722,-0.014367408056185079
pit30m,00a05077_00,v_family_a_W3,141.62986493110657,549.3359688639897,-0.07873832140887771,0.07873832140887771,-0.014333363528280551
pit30m,00a05077_00,v_family_a_W5,141.62986493110657,549.3359688639897,-0.07888695444808036,0.07888695444808036,-0.01436042038376191
pit30m,00a05077_00,v_family_a_W7,141.62986493110657,549.3359688639897,-0.07923367968635375,0.07923367968635375,-0.014423537539368963
pit30m,00a05077_01,v_central,960.1690843105316,2880.844556798165,-4.397391491425424,4.397391491425424,-0.15264244233686747
pit30m,00a05077_01,v_family_a_W3,960.1690843105316,2880.844556798165,-4.395449331930195,4.395449331930195,-0.15257502601304512
pit30m,00a05077_01,v_family_a_W5,960.1690843105316,2880.844556798165,-4.396978166684676,4.396978166684676,-0.1526280949907126
pit30m,00a05077_01,v_family_a_W7,960.1690843105316,2880.844556798165,-4.400478334637228,4.400478334637228,-0.15274959297102852
pit30m,00a05077_02,v_central,25.549975633621216,271.4436005463961,-0.015538123444400753,0.015538123444400753,-0.005724254840830157
pit30m,00a05077_02,v_family_a_W3,25.549975633621216,271.4436005463961,-0.015569937496309194,0.015569937496309194,-0.005735975158363671
pit30m,00a05077_02,v_family_a_W5,25.549975633621216,271.4436005463961,-0.015573011152980598,0.015573011152980598,-0.005737107495491979
pit30m,00a05077_02,v_family_a_W7,25.549975633621216,271.4436005463961,-0.015579260827166763,0.015579260827166763,-0.005739409879550246
pit30m,00a05077_03,v_central,2155.0579447746277,5009.720704260244,-4.974886194601822,4.974886194601822,-0.0993046616425383
pit30m,00a05077_03,v_family_a_W3,2155.0579447746277,5009.720704260244,-4.967868174744581,4.967868174744581,-0.09916457359628707
pit30m,00a05077_03,v_family_a_W5,2155.0579447746277,5009.720704260244,-4.972991054143677,4.972991054143677,-0.09926683237879244
pit30m,00a05077_03,v_family_a_W7,2155.0579447746277,5009.720704260244,-4.98485188025461,4.98485188025461,-0.09950358861354315
pit30m,00a05077_04,v_central,150.33985662460327,1076.3368118442868,-2.9568930743544115,2.9568930743544115,-0.2747181961832022
pit30m,00a05077_04,v_family_a_W3,150.33985662460327,1076.3368118442868,-2.9553747798224776,2.9553747798224776,-0.27457713489873936
pit30m,00a05077_04,v_family_a_W5,150.33985662460327,1076.3368118442868,-2.9563309945422134,2.9563309945422134,-0.274665974628944
pit30m,00a05077_04,v_family_a_W7,150.33985662460327,1076.3368118442868,-2.9592484388811044,2.9592484388811044,-0.2749370277330269
pit30m,0106abc2_00,v_central,1125.5689265727997,11676.914577964599,-8.300244811929588,8.300244811929588,-0.07108251718816977
pit30m,0106abc2_00,v_family_a_W3,1125.5689265727997,11676.914577964599,-8.299192174628843,8.299192174628843,-0.07107350250116734
pit30m,0106abc2_00,v_family_a_W5,1125.5689265727997,11676.914577964599,-8.299575553468458,8.299575553468458,-0.07107678572155107
pit30m,0106abc2_00,v_family_a_W7,1125.5689265727997,11676.914577964599,-8.300456545139241,8.300456545139241,-0.0710843304514958
pit30m,0106abc2_01,v_central,65.94993710517883,506.8215308538402,-0.047640257984994605,0.047640257984994605,-0.009399809417081247
pit30m,0106abc2_01,v_family_a_W3,65.94993710517883,506.8215308538402,-0.04759361784385874,0.04759361784385874,-0.009390606938832681
pit30m,0106abc2_01,v_family_a_W5,65.94993710517883,506.8215308538402,-0.04760055248442541,0.04760055248442541,-0.009391975199678859
pit30m,0106abc2_01,v_family_a_W7,65.94993710517883,506.8215308538402,-0.04761671275480239,0.04761671275480239,-0.00939516375213632
pit30m,017be362_00,v_central,337.5996780395508,555.8682027207541,-0.15559857240134534,0.15559857240134534,-0.027991990122793877
pit30m,017be362_00,v_family_a_W3,337.5996780395508,555.8682027207541,-0.15480479843120065,0.15480479843120065,-0.02784919117040562
pit30m,017be362_00,v_family_a_W5,337.5996780395508,555.8682027207541,-0.1552574026509319,0.1552574026509319,-0.027930614107986133
pit30m,017be362_00,v_family_a_W7,337.5996780395508,555.8682027207541,-0.15628379260215297,0.15628379260215297,-0.028115260386761803
pit30m,017be362_01,v_central,17.139983654022217,98.98910646905863,-0.012482812528602949,0.012482812528602949,-0.012610289125606711
pit30m,017be362_01,v_family_a_W3,17.139983654022217,98.98910646905863,-0.012384821250734035,0.012384821250734035,-0.012511297144201622
pit30m,017be362_01,v_family_a_W5,17.139983654022217,98.98910646905863,-0.012392651639402175,0.012392651639402175,-0.012519207498125856
pit30m,017be362_01,v_family_a_W7,17.139983654022217,98.98910646905863,-0.012416554998949891,0.012416554998949891,-0.012543354962832175
pit30m,017be362_02,v_central,235.03977584838867,929.6886776631368,-0.12834021324511014,0.12834021324511014,-0.013804644105993179
pit30m,017be362_02,v_family_a_W3,235.03977584838867,929.6886776631368,-0.12758666576257838,0.12758666576257838,-0.013723590361805838
pit30m,017be362_02,v_family_a_W5,235.03977584838867,929.6886776631368,-0.12776152176331834,0.12776152176331834,-0.013742398378396884
pit30m,017be362_02,v_family_a_W7,235.03977584838867,929.6886776631368,-0.12818729142497887,0.12818729142497887,-0.013788195393235307
pit30m,017be362_03,v_central,42.18995976448059,268.3756460048633,-0.052444647033837555,0.052444647033837555,-0.019541507515509506
pit30m,017be362_03,v_family_a_W3,42.18995976448059,268.3756460048633,-0.05229748938023704,0.05229748938023704,-0.019486674800324223
pit30m,017be362_03,v_family_a_W5,42.18995976448059,268.3756460048633,-0.0523097190123849,0.0523097190123849,-0.01949123170864654
pit30m,017be362_03,v_family_a_W7,42.18995976448059,268.3756460048633,-0.05234462485611857,0.05234462485611857,-0.01950423804668551
pit30m,017be362_04,v_central,355.2896611690521,1344.0183558323802,-0.24229551425742102,0.24229551425742102,-0.018027693833642777
pit30m,017be362_04,v_family_a_W3,355.2896611690521,1344.0183558323802,-0.2413128847185817,0.2413128847185817,-0.01795458251529097
pit30m,017be362_04,v_family_a_W5,355.2896611690521,1344.0183558323802,-0.2415395978014203,0.2415395978014203,-0.017971450817859516
pit30m,017be362_04,v_family_a_W7,355.2896611690521,1344.0183558323802,-0.24208592532841067,0.24208592532841067,-0.01801209963226146
pit30m,017be362_05,v_central,1133.5889189243317,5201.099423736645,-1.7922713283760459,1.7922713283760459,-0.03445947063031565
pit30m,017be362_05,v_family_a_W3,1133.5889189243317,5201.099423736645,-1.7893911994560767,1.7893911994560767,-0.034404095243588284
pit30m,017be362_05,v_family_a_W5,1133.5889189243317,5201.099423736645,-1.7901506204716497,1.7901506204716497,-0.03441869640679826
pit30m,017be362_05,v_family_a_W7,1133.5889189243317,5201.099423736645,-1.7919472630692326,1.7919472630692326,-0.03445323992252848
pit30m,017be362_06,v_central,67.44993567466736,270.77403279227156,-0.02048309335543763,0.02048309335543763,-0.007564644639004786
pit30m,017be362_06,v_family_a_W3,67.44993567466736,270.77403279227156,-0.02025423616981925,0.02025423616981925,-0.007480125018250032
pit30m,017be362_06,v_family_a_W5,67.44993567466736,270.77403279227156,-0.0202649905211274,0.0202649905211274,-0.007484096725284584
pit30m,017be362_06,v_family_a_W7,67.44993567466736,270.77403279227156,-0.020293501063633812,0.020293501063633812,-0.0074946260002717036
pit30m,017be362_07,v_central,706.6893260478973,1148.2586426253747,-0.7238539645213677,0.7238539645213677,-0.06303927857806935
pit30m,017be362_07,v_family_a_W3,706.6893260478973,1148.2586426253747,-0.7221480119019361,0.7221480119019361,-0.06289070990581175
pit30m,017be362_07,v_family_a_W5,706.6893260478973,1148.2586426253747,-0.7230659689344066,0.7230659689344066,-0.06297065330866493
pit30m,017be362_07,v_family_a_W7,706.6893260478973,1148.2586426253747,-0.7251834445748955,0.7251834445748955,-0.06315506085953235
pit30m,01959149_00,v_central,1264.8587937355042,10019.94358274431,-3.1130005125141906,3.1130005125141906,-0.0310680443138941
pit30m,01959149_00,v_family_a_W3,1264.8587937355042,10019.94358274431,-3.1114822524559713,3.1114822524559713,-0.031052891932588943
pit30m,01959149_00,v_family_a_W5,1264.8587937355042,10019.94358274431,-3.1119309130845068,3.1119309130845068,-0.031057369608783726
pit30m,01959149_00,v_family_a_W7,1264.8587937355042,10019.94358274431,-3.1130669911872246,3.1130669911872246,-0.03106870777744043
pit30m,01959149_01,v_central,182.5098259449005,1650.7281096160323,-0.3484331926604227,0.3484331926604227,-0.021107848750541364
pit30m,01959149_01,v_family_a_W3,182.5098259449005,1650.7281096160323,-0.3479976690609874,0.3479976690609874,-0.021081465023451585
pit30m,01959149_01,v_family_a_W5,182.5098259449005,1650.7281096160323,-0.3480182879136464,0.3480182879136464,-0.021082714099694908
pit30m,01959149_01,v_family_a_W7,182.5098259449005,1650.7281096160323,-0.34807627588452306,0.34807627588452306,-0.021086226972017057
pit30m,01959149_02,v_central,18.23998260498047,64.75045233043787,-0.13815506579886971,0.13815506579886971,-0.21336540645898444
pit30m,01959149_02,v_family_a_W3,18.23998260498047,64.75045233043787,-0.13807016994736898,0.13807016994736898,-0.21323429409073796
pit30m,01959149_02,v_family_a_W5,18.23998260498047,64.75045233043787,-0.13808458489428688,0.13808458489428688,-0.21325655640150043
pit30m,01959149_02,v_family_a_W7,18.23998260498047,64.75045233043787,-0.13812140629710257,0.13812140629710257,-0.21331342303561718
pit30m,01959149_03,v_central,207.1398024559021,1128.369047319649,-0.7495664234374999,0.7495664234374999,-0.06642919045130095
pit30m,01959149_03,v_family_a_W3,207.1398024559021,1128.369047319649,-0.7491177480205806,0.7491177480205806,-0.06638942727116189
pit30m,01959149_03,v_family_a_W5,207.1398024559021,1128.369047319649,-0.7492082230385222,0.7492082230385222,-0.06639744548277061
pit30m,01959149_03,v_family_a_W7,207.1398024559021,1128.369047319649,-0.749444391261477,0.749444391261477,-0.06641837553429195
pit30m,01959149_04,v_central,22.179978847503662,93.15299758095317,-0.003372900374969845,0.003372900374969845,-0.0036208178615386778
pit30m,01959149_04,v_family_a_W3,22.179978847503662,93.15299758095317,-0.003343307141719265,0.003343307141719265,-0.0035890494439685806
pit30m,01959149_04,v_family_a_W5,22.179978847503662,93.15299758095317,-0.0033468189653547142,0.0033468189653547142,-0.003592819396333664
pit30m,01959149_04,v_family_a_W7,22.179978847503662,93.15299758095317,-0.003358486007840611,0.003358486007840611,-0.0036053439986426317
pit30m,01959149_05,v_central,581.9694449901581,4670.39580769875,-2.064887879089838,2.064887879089838,-0.04421226731331948
pit30m,01959149_05,v_family_a_W3,581.9694449901581,4670.39580769875,-2.06422605134685,2.06422605134685,-0.044198096614084595
pit30m,01959149_05,v_family_a_W5,581.9694449901581,4670.39580769875,-2.0643948578936033,2.0643948578936033,-0.0442017110089604
pit30m,01959149_05,v_family_a_W7,581.9694449901581,4670.39580769875,-2.0647869164477015,2.0647869164477015,-0.04421010555559501
pit30m,01959149_06,v_central,702.4893300533295,5429.837035412947,-0.5550500091276263,0.5550500091276263,-0.010222222241802767
pit30m,01959149_06,v_family_a_W3,702.4893300533295,5429.837035412947,-0.5542711536145362,0.5542711536145362,-0.010207878247535343
pit30m,01959149_06,v_family_a_W5,702.4893300533295,5429.837035412947,-0.5545498428509745,0.5545498428509745,-0.010213010800034079
pit30m,01959149_06,v_family_a_W7,702.4893300533295,5429.837035412947,-0.5552071332494961,0.5552071332494961,-0.010225115958885712
pit30m,01959149_07,v_central,506.6895167827606,2630.5973903102595,-1.03297278705395,1.03297278705395,-0.0392676124008516
pit30m,01959149_07,v_family_a_W3,506.6895167827606,2630.5973903102595,-1.0320181107294957,1.0320181107294957,-0.03923132116419293
pit30m,01959149_07,v_family_a_W5,506.6895167827606,2630.5973903102595,-1.0323088318009468,1.0323088318009468,-0.03924237268703416
pit30m,01959149_07,v_family_a_W7,506.6895167827606,2630.5973903102595,-1.0330098836793695,1.0330098836793695,-0.03926902259860957
pit30m,01d09d4c_00,v_central,29.809971570968628,131.71143365534508,-0.1061865604011416,0.1061865604011416,-0.08062060935347838
pit30m,01d09d4c_00,v_family_a_W3,29.809971570968628,131.71143365534508,-0.10610541435681853,0.10610541435681853,-0.0805590003935946
pit30m,01d09d4c_00,v_family_a_W5,29.809971570968628,131.71143365534508,-0.10612263744994266,0.10612263744994266,-0.08057207677781285
pit30m,01d09d4c_00,v_family_a_W7,29.809971570968628,131.71143365534508,-0.10616140739608682,0.10616140739608682,-0.08060151229838095
pit30m,01d09d4c_01,v_central,1147.268905878067,7639.857675769201,-2.2452429581362594,2.2452429581362594,-0.029388544308323158
pit30m,01d09d4c_01,v_family_a_W3,1147.268905878067,7639.857675769201,-2.2434623785729855,2.2434623785729855,-0.02936523785892527
pit30m,01d09d4c_01,v_family_a_W5,1147.268905878067,7639.857675769201,-2.2440913526961594,2.2440913526961594,-0.02937347065788393
pit30m,01d09d4c_01,v_family_a_W7,1147.268905878067,7639.857675769201,-2.2455387475602038,2.2455387475602038,-0.02939241596976631
pit30m,01e21524_00,v_central,140.00986647605896,329.8922057805792,-0.06803641397340243,0.06803641397340243,-0.020623831900610408
pit30m,01e21524_00,v_family_a_W3,140.00986647605896,329.8922057805792,-0.06782856152568684,0.06782856152568684,-0.020560825729481334
pit30m,01e21524_00,v_family_a_W5,140.00986647605896,329.8922057805792,-0.06787765364424558,0.06787765364424558,-0.020575706989995685
pit30m,01e21524_00,v_family_a_W7,140.00986647605896,329.8922057805792,-0.06799801514807768,0.06799801514807768,-0.020612192090802266
pit30m,01e21524_01,v_central,64.12993884086609,193.67613935556338,-0.03736281428763277,0.03736281428763277,-0.01929138737066607
pit30m,01e21524_01,v_family_a_W3,64.12993884086609,193.67613935556338,-0.037176748375770785,0.037176748375770785,-0.019195316727952362
pit30m,01e21524_01,v_family_a_W5,64.12993884086609,193.67613935556338,-0.03719452921723132,0.03719452921723132,-0.019204497436283136
pit30m,01e21524_01,v_family_a_W7,64.12993884086609,193.67613935556338,-0.037243938269426735,0.037243938269426735,-0.019230008607850173
pit30m,01e21524_02,v_central,101.82990288734436,289.4158409222862,-0.07190029485957439,0.07190029485957439,-0.024843247912916082
pit30m,01e21524_02,v_family_a_W3,101.82990288734436,289.4158409222862,-0.07165425604364373,0.07165425604364373,-0.024758235698261
pit30m,01e21524_02,v_family_a_W5,101.82990288734436,289.4158409222862,-0.07175025604522034,0.07175025604522034,-0.024791405963326896
pit30m,01e21524_02,v_family_a_W7,101.82990288734436,289.4158409222862,-0.07196800941039783,0.07196800941039783,-0.024866644887527992
pit30m,01e21524_03,v_central,48.619953632354736,227.64741174004627,-0.02848740031294028,0.02848740031294028,-0.01251382569878301
pit30m,01e21524_03,v_family_a_W3,48.619953632354736,227.64741174004627,-0.02841502980240307,0.02841502980240307,-0.012482035084523863
pit30m,01e21524_03,v_family_a_W5,48.619953632354736,227.64741174004627,-0.02842149983626996,0.02842149983626996,-0.012484877213857746
pit30m,01e21524_03,v_family_a_W7,48.619953632354736,227.64741174004627,-0.028437918611729174,0.028437918611729174,-0.012492089584661225
pit30m,01e21524_04,v_central,61.739941120147705,271.3922263756868,-0.06526299630718313,0.06526299630718313,-0.024047481823167596
pit30m,01e21524_04,v_family_a_W3,61.739941120147705,271.3922263756868,-0.0651104228061854,0.0651104228061854,-0.023991263005467736
pit30m,01e21524_04,v_family_a_W5,61.739941120147705,271.3922263756868,-0.0651191913874527,0.0651191913874527,-0.023994493968043342
pit30m,01e21524_04,v_family_a_W7,61.739941120147705,271.3922263756868,-0.06514138238384248,0.06514138238384248,-0.024002670693178817
pit30m,01e21524_05,v_central,13.929986715316772,80.40912005017842,-0.0075219704115312425,0.0075219704115312425,-0.009354623464150884
pit30m,01e21524_05,v_family_a_W3,13.929986715316772,80.40912005017842,-0.007495836060087413,0.007495836060087413,-0.009322121738690486
pit30m,01e21524_05,v_family_a_W5,13.929986715316772,80.40912005017842,-0.00749778316821903,0.00749778316821903,-0.009324543240294287
pit30m,01e21524_05,v_family_a_W7,13.929986715316772,80.40912005017842,-0.007501828388967624,0.007501828388967624,-0.009329574038723707
pit30m,01e21524_06,v_central,587.3194398880005,3251.7641387644217,-0.8685949316168262,0.8685949316168262,-0.026711498575873578
pit30m,01e21524_06,v_family_a_W3,587.3194398880005,3251.7641387644217,-0.8676944924322925,0.8676944924322925,-0.026683807785702188
pit30m,01e21524_06,v_family_a_W5,587.3194398880005,3251.7641387644217,-0.8681424140431773,0.8681424140431773,-0.026697582512028282
pit30m,01e21524_06,v_family_a_W7,587.3194398880005,3251.7641387644217,-0.8691602320013772,0.8691602320013772,-0.02672888299738841
pit30m,01e21524_07,v_central,51.629950761795044,110.66501247062786,-0.046594766508121666,0.046594766508121666,-0.04210433403284404
pit30m,01e21524_07,v_family_a_W3,51.629950761795044,110.66501247062786,-0.04650987354392555,0.04650987354392555,-0.042027622376376604
pit30m,01e21524_07,v_family_a_W5,51.629950761795044,110.66501247062786,-0.04656121416202552,0.04656121416202552,-0.04207401519462491
pit30m,01e21524_07,v_family_a_W7,51.629950761795044,110.66501247062786,-0.04668148751120782,0.04668148751120782,-0.04218269755637337
pit30m,01e21524_08,v_central,573.6794528961182,2276.3316602957034,-0.8121995712190255,0.8121995712190255,-0.03568019482334652
pit30m,01e21524_08,v_family_a_W3,573.6794528961182,2276.3316602957034,-0.8111813341938614,0.8111813341938614,-0.0356354633352719
pit30m,01e21524_08,v_family_a_W5,573.6794528961182,2276.3316602957034,-0.8116196727073657,0.8116196727073657,-0.03565471969062423
pit30m,01e21524_08,v_family_a_W7,573.6794528961182,2276.3316602957034,-0.8126494254629506,0.8126494254629506,-0.03569995706853125
pit30m,01e21524_09,v_central,94.7999095916748,1044.1353204785569,-0.31963544261020616,0.31963544261020616,-0.03061245380184133
pit30m,01e21524_09,v_family_a_W3,94.7999095916748,1044.1353204785569,-0.3195098814053381,0.3195098814053381,-0.030600428425206192
pit30m,01e21524_09,v_family_a_W5,94.7999095916748,1044.1353204785569,-0.3195126282221281,0.3195126282221281,-0.030600691496164158
pit30m,01e21524_09,v_family_a_W7,94.7999095916748,1044.1353204785569,-0.31952089004312256,0.31952089004312256,-0.03060148275576743
pit30m,01e21524_10,v_central,137.32986903190613,141.05085099058223,-0.040993559851273176,0.040993559851273176,-0.029062965280521602
pit30m,01e21524_10,v_family_a_W3,137.32986903190613,141.05085099058223,-0.04081735122665009,0.04081735122665009,-0.02893803967859464
pit30m,01e21524_10,v_family_a_W5,137.32986903190613,141.05085099058223,-0.041079119691801225,0.041079119691801225,-0.029123624142149997
pit30m,01e21524_10,v_family_a_W7,137.32986903190613,141.05085099058223,-0.041664670181177144,0.041664670181177144,-0.02953875846091778
pit30m,01e21524_11,v_central,607.0694210529327,2374.7394169381437,-0.38928273415058356,0.38928273415058356,-0.01639265055247632
pit30m,01e21524_11,v_family_a_W3,607.0694210529327,2374.7394169381437,-0.3887616388506103,0.3887616388506103,-0.01637070729014377
pit30m,01e21524_11,v_family_a_W5,607.0694210529327,2374.7394169381437,-0.38909766447386573,0.38909766447386573,-0.016384857289965166
pit30m,01e21524_11,v_family_a_W7,607.0694210529327,2374.7394169381437,-0.38985552174199256,0.38985552174199256,-0.01641677057117494
pit30m,01e21524_12,v_central,490.7095320224762,2881.3342563401443,-0.9397113947411526,0.9397113947411526,-0.03261375845837369
pit30m,01e21524_12,v_family_a_W3,490.7095320224762,2881.3342563401443,-0.9389539504677487,0.9389539504677487,-0.032587470488772904
pit30m,01e21524_12,v_family_a_W5,490.7095320224762,2881.3342563401443,-0.9392686491310087,0.9392686491310087,-0.03259839246572047
pit30m,01e21524_12,v_family_a_W7,490.7095320224762,2881.3342563401443,-0.9400110101173595,0.9400110101173595,-0.03262415695259725
pit30m,01e86404_00,v_central,24.139976978302002,199.0785815471811,-0.12442463894845446,0.12442463894845446,-0.0625002639568065
pit30m,01e86404_00,v_family_a_W3,24.139976978302002,199.0785815471811,-0.12444156509135951,0.12444156509135951,-0.06250876619887268
pit30m,01e86404_00,v_family_a_W5,24.139976978302002,199.0785815471811,-0.12444204203083586,0.12444204203083586,-0.06250900577234796
pit30m,01e86404_00,v_family_a_W7,24.139976978302002,199.0785815471811,-0.12444348036501651,0.12444348036501651,-0.0625097282680426
pit30m,01e86404_01,v_central,2885.8972477912903,28289.24242581395,-16.04086699489926,16.04086699489926,-0.05670306314128073
pit30m,01e86404_01,v_family_a_W3,2885.8972477912903,28289.24242581395,-16.038003811394447,16.038003811394447,-0.056692942037782385
pit30m,01e86404_01,v_family_a_W5,2885.8972477912903,28289.24242581395,-16.03922292347488,16.03922292347488,-0.056697251492458065
pit30m,01e86404_01,v_family_a_W7,2885.8972477912903,28289.24242581395,-16.042137838656345,16.042137838656345,-0.056707555462912944
pit30m,020829cb_00,v_central,226.6697838306427,1932.9152232584195,-1.6945272380503411,1.6945272380503411,-0.08766691977280748
pit30m,020829cb_00,v_family_a_W3,226.6697838306427,1932.9152232584195,-1.694405621793294,1.694405621793294,-0.08766062791605225
pit30m,020829cb_00,v_family_a_W5,226.6697838306427,1932.9152232584195,-1.6944989433948194,1.6944989433948194,-0.08766545593956837
pit30m,020829cb_00,v_family_a_W7,226.6697838306427,1932.9152232584195,-1.6947079428034613,1.6947079428034613,-0.08767626859219416
pit30m,020829cb_01,v_central,1565.5185070037842,18104.39455395494,-11.228899867426662,11.228899867426662,-0.06202306204696411
pit30m,020829cb_01,v_family_a_W3,1565.5185070037842,18104.39455395494,-11.227917250056635,11.227917250056635,-0.062017634539476355
pit30m,020829cb_01,v_family_a_W5,1565.5185070037842,18104.39455395494,-11.228376390929043,11.228376390929043,-0.06202017061363802
pit30m,020829cb_01,v_family_a_W7,1565.5185070037842,18104.39455395494,-11.229480727990449,11.229480727990449,-0.062026270442373604
pit30m,020829cb_02,v_central,182.28982615470886,425.0796206015066,-0.07230317919720619,0.07230317919720619,-0.01700932618103262
pit30m,020829cb_02,v_family_a_W3,182.28982615470886,425.0796206015066,-0.0720224242814993,0.0720224242814993,-0.0169432785743961
pit30m,020829cb_02,v_family_a_W5,182.28982615470886,425.0796206015066,-0.07211962086432777,0.07211962086432777,-0.016966144074908908
pit30m,020829cb_02,v_family_a_W7,182.28982615470886,425.0796206015066,-0.07235807452116205,0.07235807452116205,-0.01702224030847966
pit30m,0209f084_00,v_central,104.74990010261536,116.57821189253917,-0.1083576484437998,0.1083576484437998,-0.09294845639224848
pit30m,0209f084_00,v_family_a_W3,104.74990010261536,116.57821189253917,-0.10816662373099462,0.10816662373099462,-0.09278459668836035
pit30m,0209f084_00,v_family_a_W5,104.74990010261536,116.57821189253917,-0.10827520346543906,0.10827520346543906,-0.09287773564861866
pit30m,0209f084_00,v_family_a_W7,104.74990010261536,116.57821189253917,-0.10852648074727256,0.10852648074727256,-0.09309327959783031
pit30m,0209f084_01,v_central,1244.6988129615784,7785.053089337055,-2.1398710839221167,2.1398710839221167,-0.027486917036609954
pit30m,0209f084_01,v_family_a_W3,1244.6988129615784,7785.053089337055,-2.13814608067878,2.13814608067878,-0.027464759149906533
pit30m,0209f084_01,v_family_a_W5,1244.6988129615784,7785.053089337055,-2.1389641496489276,2.1389641496489276,-0.027475267350181597
pit30m,0209f084_01,v_family_a_W7,1244.6988129615784,7785.053089337055,-2.140802466812602,2.140802466812602,-0.027498880768646167
pit30m,021286dc_00,v_central,146.18986058235168,827.5676057736501,-0.29035050946095,0.29035050946095,-0.03508480847187298
pit30m,021286dc_00,v_family_a_W3,146.18986058235168,827.5676057736501,-0.29014824263492756,0.29014824263492756,-0.035060367347714505
pit30m,021286dc_00,v_family_a_W5,146.18986058235168,827.5676057736501,-0.2902846587236354,0.2902846587236354,-0.03507685132893321
pit30m,021286dc_00,v_family_a_W7,146.18986058235168,827.5676057736501,-0.2906290669637883,0.2906290669637883,-0.035118468260015356
pit30m,021286dc_01,v_central,476.3495457172394,4127.846823764728,-1.451803446235317,1.451803446235317,-0.035170962204242505
pit30m,021286dc_01,v_family_a_W3,476.3495457172394,4127.846823764728,-1.4514429983964874,1.4514429983964874,-0.03516223010118203
pit30m,021286dc_01,v_family_a_W5,476.3495457172394,4127.846823764728,-1.4515711217545686,1.4515711217545686,-0.035165333979875965
pit30m,021286dc_01,v_family_a_W7,476.3495457172394,4127.846823764728,-1.4518829012477,1.4518829012477,-0.03517288705794409
pit30m,021286dc_02,v_central,461.539559841156,3956.2320137033894,-0.8994766515052106,0.8994766515052106,-0.022735690131156373
pit30m,021286dc_02,v_family_a_W3,461.539559841156,3956.2320137033894,-0.8988941526331473,0.8988941526331473,-0.022720966554024252
pit30m,021286dc_02,v_family_a_W5,461.539559841156,3956.2320137033894,-0.8990791452060876,0.8990791452060876,-0.022725642532892516
pit30m,021286dc_02,v_family_a_W7,461.539559841156,3956.2320137033894,-0.899530460895221,0.899530460895221,-0.022737050248303803
pit30m,024e8e83_00,v_central,2614.8875062465668,17847.407297704736,-12.577693891747913,12.577693891747913,-0.0704735073388809
pit30m,024e8e83_00,v_family_a_W3,2614.8875062465668,17847.407297704736,-12.57387181971717,12.57387181971717,-0.07045209206008445
pit30m,024e8e83_00,v_family_a_W5,2614.8875062465668,17847.407297704736,-12.574558494885423,12.574558494885423,-0.0704559395386386
pit30m,024e8e83_00,v_family_a_W7,2614.8875062465668,17847.407297704736,-12.576205773715628,12.576205773715628,-0.07046516933209111
