sequence,method,checkpoint,elapsed_s,dist_traveled_m,drift_m,drift_abs_m,drift_pct
bridge01,v_forward,t100s,100.001271808,1476.8279153835854,0.9708074944262535,0.9708074944262535,0.06573599295582788
bridge01,v_forward,t500s,500.096601088,5343.163365332581,0.772319985939248,0.772319985939248,0.014454358460199834
bridge01,v_forward,final,2143.797064448,23045.266193385607,-0.9820612185612845,0.9820612185612845,-0.004261444455968806
bridge01,v_central,t100s,100.001271808,1476.8279153835854,0.5887943606978752,0.5887943606978752,0.0398688536805552
bridge01,v_central,t500s,500.096601088,5343.163365332581,0.15441842473319412,0.15441842473319412,0.002890018780542797
bridge01,v_central,final,2143.797064448,23045.266193385607,-1.1758908036354114,1.1758908036354114,-0.005102526452798851
bridge01,v_savgol_w7p3,t100s,100.001271808,1476.8279153835854,0.6014866258924485,0.6014866258924485,0.04072828117798821
bridge01,v_savgol_w7p3,t500s,500.096601088,5343.163365332581,0.13557423034490057,0.13557423034490057,0.0025373401686448692
bridge01,v_savgol_w7p3,final,2143.797064448,23045.266193385607,-1.042441603502084,1.042441603502084,-0.004523452212503768
bridge01,v_family_a_W3,t100s,100.001271808,1476.8279153835854,0.5948633671328025,0.5948633671328025,0.040279802469625925
bridge01,v_family_a_W3,t500s,500.096601088,5343.163365332581,0.18024684650481504,0.18024684650481504,0.003373410734066068
bridge01,v_family_a_W3,final,2143.797064448,23045.266193385607,-1.0328297802770976,1.0328297802770976,-0.00448174376294919
bridge01,v_family_a_W5,t100s,100.001271808,1476.8279153835854,0.5902007987629077,0.5902007987629077,0.03996408739400157
bridge01,v_family_a_W5,t500s,500.096601088,5343.163365332581,0.16706530354804272,0.16706530354804272,0.0031267115026276924
bridge01,v_family_a_W5,final,2143.797064448,23045.266193385607,-1.077858672811999,1.077858672811999,-0.004677137004047118
bridge01,v_family_a_W7,t100s,100.001271808,1476.8279153835854,0.5879624017636615,0.5879624017636615,0.039812519497977296
bridge01,v_family_a_W7,t500s,500.096601088,5343.163365332581,0.15686610753073182,0.15686610753073182,0.0029358283998671604
bridge01,v_family_a_W7,final,2143.797064448,23045.266193385607,-1.092246433669061,1.092246433669061,-0.004739569612706642
dcc05,v_forward,t100s,100.000717056,311.09141782211486,0.11317616551008314,0.11317616551008314,0.03638035607102424
dcc05,v_forward,t500s,500.094573824,2324.351480458491,-2.3595849403641296,2.3595849403641296,-0.10151584044848021
dcc05,v_forward,final,1080.891201024,5305.908571259967,-0.28337526192535734,0.28337526192535734,-0.005340749055878768
dcc05,v_central,t100s,100.000717056,311.09141782211486,0.10212791332173765,0.10212791332173765,0.03282890734714366
dcc05,v_central,t500s,500.094573824,2324.351480458491,-2.832646094086158,2.832646094086158,-0.12186823369447564
dcc05,v_central,final,1080.891201024,5305.908571259967,-0.5937674901706487,0.5937674901706487,-0.011190684539625411
dcc05,v_savgol_w7p3,t100s,100.000717056,311.09141782211486,0.11110066531176699,0.11110066531176699,0.035713188775685044
dcc05,v_savgol_w7p3,t500s,500.094573824,2324.351480458491,-2.779270725923652,2.779270725923652,-0.11957187840521545
dcc05,v_savgol_w7p3,final,1080.891201024,5305.908571259967,-0.4589139396584869,0.4589139396584869,-0.00864911133494166
dcc05,v_family_a_W3,t100s,100.000717056,311.09141782211486,0.10886685203678326,0.10886685203678326,0.034995131912971766
dcc05,v_family_a_W3,t500s,500.094573824,2324.351480458491,-2.761282433834822,2.761282433834822,-0.11879797255491427
dcc05,v_family_a_W3,final,1080.891201024,5305.908571259967,-0.45778336563307676,0.45778336563307676,-0.008627803504054147
dcc05,v_family_a_W5,t100s,100.000717056,311.09141782211486,0.09963936765120707,0.09963936765120707,0.03202896703122226
dcc05,v_family_a_W5,t500s,500.094573824,2324.351480458491,-2.901359950814822,2.901359950814822,-0.12482449299115952
dcc05,v_family_a_W5,final,1080.891201024,5305.908571259967,-0.7291448042515185,0.7291448042515185,-0.013742129070994757
dcc05,v_family_a_W7,t100s,100.000717056,311.09141782211486,0.09898793506357606,0.09898793506357606,0.031819564730062186
dcc05,v_family_a_W7,t500s,500.094573824,2324.351480458491,-3.0116446980077853,3.0116446980077853,-0.12956924644691525
dcc05,v_family_a_W7,final,1080.891201024,5305.908571259967,-0.9580154184714047,0.9580154184714047,-0.01805563374500269
kaist05,v_forward,t100s,100.098416896,568.1029040279863,0.39421273327593553,0.39421273327593553,0.06939107870790176
kaist05,v_forward,t500s,500.098853888,2648.797064344919,-0.4024639813151225,0.4024639813151225,-0.01519421728197426
kaist05,v_forward,final,1247.58320128,6879.393716016873,-2.617744712711101,2.617744712711101,-0.03805196825145166
kaist05,v_central,t100s,100.098416896,568.1029040279863,0.04139869745961278,0.04139869745961278,0.0072871828617819155
kaist05,v_central,t500s,500.098853888,2648.797064344919,-0.8316402579544047,0.8316402579544047,-0.03139690349060696
kaist05,v_central,final,1247.58320128,6879.393716016873,-2.754371755997454,2.754371755997454,-0.04003800145330566
kaist05,v_savgol_w7p3,t100s,100.098416896,568.1029040279863,0.04546576258985624,0.04546576258985624,0.008003085755677897
kaist05,v_savgol_w7p3,t500s,500.098853888,2648.797064344919,-0.7676902268722188,0.7676902268722188,-0.02898259882593453
kaist05,v_savgol_w7p3,final,1247.58320128,6879.393716016873,-2.660745714634686,2.660745714634686,-0.0386770378971018
kaist05,v_family_a_W3,t100s,100.098416896,568.1029040279863,0.05041852996191665,0.05041852996191665,0.008874893897643744
kaist05,v_family_a_W3,t500s,500.098853888,2648.797064344919,-0.799583852485739,0.799583852485739,-0.030186678445428067
kaist05,v_family_a_W3,final,1247.58320128,6879.393716016873,-2.67109385794447,2.67109385794447,-0.03882746021245339
kaist05,v_family_a_W5,t100s,100.098416896,568.1029040279863,0.053609153636898554,0.053609153636898554,0.00943652166830987
kaist05,v_family_a_W5,t500s,500.098853888,2648.797064344919,-0.827977389478292,0.827977389478292,-0.03125861926621628
kaist05,v_family_a_W5,final,1247.58320128,6879.393716016873,-2.7791318777517517,2.7791318777517517,-0.040397918660786465
kaist05,v_family_a_W7,t100s,100.098416896,568.1029040279863,0.055134878909711915,0.055134878909711915,0.009705086617018212
kaist05,v_family_a_W7,t500s,500.098853888,2648.797064344919,-0.8333437527726346,0.8333437527726346,-0.03146121550760368
kaist05,v_family_a_W7,final,1247.58320128,6879.393716016873,-2.810534588313203,2.810534588313203,-0.04085439363311343
riverside05,v_forward,t100s,100.0995712,1016.713668538856,-0.10192928808839952,0.10192928808839952,-0.010025368128952626
riverside05,v_forward,t500s,500.005771776,3933.723162337568,0.37137030685789796,0.37137030685789796,0.009440682313729866
riverside05,v_forward,final,855.002921472,6392.355297066538,-0.5100630587858177,0.5100630587858177,-0.007979266406231932
riverside05,v_central,t100s,100.0995712,1016.713668538856,0.203855233905756,0.203855233905756,0.020050407525131566
riverside05,v_central,t500s,500.005771776,3933.723162337568,-0.16455044276472108,0.16455044276472108,-0.004183071252704498
riverside05,v_central,final,855.002921472,6392.355297066538,-0.2840239822971853,0.2840239822971853,-0.004443182036948484
riverside05,v_savgol_w7p3,t100s,100.0995712,1016.713668538856,0.20119741768394306,0.20119741768394306,0.01978899506417463
riverside05,v_savgol_w7p3,t500s,500.005771776,3933.723162337568,-0.08241922589104433,0.08241922589104433,-0.002095196395113572
riverside05,v_savgol_w7p3,final,855.002921472,6392.355297066538,-0.20201065459150414,0.20201065459150414,-0.00316019127854497
riverside05,v_family_a_W3,t100s,100.0995712,1016.713668538856,0.20505753762779477,0.20505753762779477,0.020168661440589066
riverside05,v_family_a_W3,t500s,500.005771776,3933.723162337568,-0.13730006629020863,0.13730006629020863,-0.0034903337277201714
riverside05,v_family_a_W3,final,855.002921472,6392.355297066538,-0.23423621818619722,0.23423621818619722,-0.003664317881293122
riverside05,v_family_a_W5,t100s,100.0995712,1016.713668538856,0.2040141849452084,0.2040141849452084,0.020066041330830356
riverside05,v_family_a_W5,t500s,500.005771776,3933.723162337568,-0.12889721434930834,0.12889721434930834,-0.0032767230694676725
riverside05,v_family_a_W5,final,855.002921472,6392.355297066538,-0.24976601309936086,0.24976601309936086,-0.0039072611188239
riverside05,v_family_a_W7,t100s,100.0995712,1016.713668538856,0.20749814160558344,0.20749814160558344,0.02040870975048305
riverside05,v_family_a_W7,t500s,500.005771776,3933.723162337568,-0.11198200340004405,0.11198200340004405,-0.002846717950876342
riverside05,v_family_a_W7,final,855.002921472,6392.355297066538,-0.2235971818363396,0.2235971818363396,-0.0034978841357417773
roundabout01,v_forward,t100s,100.000344064,816.9442998462438,0.24604188751425227,0.24604188751425227,0.030117339402522248
roundabout01,v_forward,t500s,500.006314496,2307.4939602384998,0.049325309990763344,0.049325309990763344,0.0021376138287124763
roundabout01,v_forward,final,2729.510208512,9036.681033249683,-3.126315354662438,3.126315354662438,-0.034595836050419757
roundabout01,v_central,t100s,100.000344064,816.9442998462438,-0.048613576235993605,0.048613576235993605,-0.005950659824071619
roundabout01,v_central,t500s,500.006314496,2307.4939602384998,0.039787469735983905,0.039787469735983905,0.0017242718906996194
roundabout01,v_central,final,2729.510208512,9036.681033249683,-3.958368512792731,3.958368512792731,-0.04380334437199076
roundabout01,v_savgol_w7p3,t100s,100.000344064,816.9442998462438,-0.03771782417061331,0.03771782417061331,-0.004616939511997592
roundabout01,v_savgol_w7p3,t500s,500.006314496,2307.4939602384998,0.06899310118797075,0.06899310118797075,0.0029899580400565688
roundabout01,v_savgol_w7p3,final,2729.510208512,9036.681033249683,-3.8851298988756753,3.8851298988756753,-0.042992885159724874
roundabout01,v_family_a_W3,t100s,100.000344064,816.9442998462438,-0.03768221100722258,0.03768221100722258,-0.004612580198468207
roundabout01,v_family_a_W3,t500s,500.006314496,2307.4939602384998,0.06385679187906135,0.06385679187906135,0.002767365504716692
roundabout01,v_family_a_W3,final,2729.510208512,9036.681033249683,-3.8369361715140258,3.8369361715140258,-0.042459572905100364
roundabout01,v_family_a_W5,t100s,100.000344064,816.9442998462438,-0.04045959071163452,0.04045959071163452,-0.0049525519327632715
roundabout01,v_family_a_W5,t500s,500.006314496,2307.4939602384998,0.04065631051753371,0.04065631051753371,0.0017619248941969723
roundabout01,v_family_a_W5,final,2729.510208512,9036.681033249683,-3.9759868269538856,3.9759868269538856,-0.04399830880745472
roundabout01,v_family_a_W7,t100s,100.000344064,816.9442998462438,-0.04337129488442315,0.04337129488442315,-0.005308965971435998
roundabout01,v_family_a_W7,t500s,500.006314496,2307.4939602384998,0.03244693043188818,0.03244693043188818,0.001406154511820889
roundabout01,v_family_a_W7,final,2729.510208512,9036.681033249683,-3.9723825154378574,3.9723825154378574,-0.04395842346124447
town01,v_forward,t100s,100.09538816,523.6060264922593,-0.26086454221422173,0.26086454221422173,-0.0498207677176302
town01,v_forward,t500s,500.082854912,1559.006038918211,-1.2867052586241243,1.2867052586241243,-0.08253369303924984
town01,v_forward,final,2413.907833088,7828.270561318673,-3.98211399469983,3.98211399469983,-0.05086837461107173
town01,v_central,t100s,100.09538816,523.6060264922593,-0.5365430722455358,0.5365430722455358,-0.10247075952122713
town01,v_central,t500s,500.082854912,1559.006038918211,-1.337333384349904,1.337333384349904,-0.08578115484901361
town01,v_central,final,2413.907833088,7828.270561318673,-4.261923601219678,4.261923601219678,-0.05444272228247763
town01,v_savgol_w7p3,t100s,100.09538816,523.6060264922593,-0.5647885219234468,0.5647885219234468,-0.10786516834175443
town01,v_savgol_w7p3,t500s,500.082854912,1559.006038918211,-1.4040594311893528,1.4040594311893528,-0.090061192589326
town01,v_savgol_w7p3,final,2413.907833088,7828.270561318673,-4.106320842623973,4.106320842623973,-0.05245501941277132
town01,v_family_a_W3,t100s,100.09538816,523.6060264922593,-0.534390870199104,0.534390870199104,-0.10205972490024505
town01,v_family_a_W3,t500s,500.082854912,1559.006038918211,-1.333848268078782,1.333848268078782,-0.08555760752564721
town01,v_family_a_W3,final,2413.907833088,7828.270561318673,-4.1816613650698855,4.1816613650698855,-0.0534174353366433
town01,v_family_a_W5,t100s,100.09538816,523.6060264922593,-0.544419299528613,0.544419299528613,-0.10397498729641941
town01,v_family_a_W5,t500s,500.082854912,1559.006038918211,-1.381820816407071,1.381820816407071,-0.08863473148352342
town01,v_family_a_W5,final,2413.907833088,7828.270561318673,-4.515539602006356,4.515539602006356,-0.05768246724019351
town01,v_family_a_W7,t100s,100.09538816,523.6060264922593,-0.5423050060761625,0.5423050060761625,-0.10357119258331907
town01,v_family_a_W7,t500s,500.082854912,1559.006038918211,-1.3924423490277604,1.3924423490277604,-0.08931603305359685
town01,v_family_a_W7,final,2413.907833088,7828.270561318673,-4.638856819307875,4.638856819307875,-0.05925774771032517
