ds_factor,noise_sigma,jitter_sigma,method,median,q1,q3
1,0.0,0.0,central,0.04886504296773937,0.02753381656594429,0.07528582838194336
1,0.0,0.0,family_a_W5,0.026290901943419875,0.023412707697069903,0.03448108512679669
1,0.0,0.0,family_a_W7,0.029114097932163685,0.02448772466963101,0.036588081287455554
1,0.0,0.0,savgol_w7p3,0.04078389645071127,0.026391042712225848,0.05775946199093768
1,0.0,0.0,smoothing_spline_default,0.5145754849519841,0.5055452220710469,0.5231368700832316
1,0.0,0.0,smoothing_spline_tuned,0.07470815838668313,0.029520093258885292,0.11399444979033457
1,0.0,0.005,central,0.24788626046251172,0.176017602884842,0.33122012889853714
1,0.0,0.005,family_a_W5,0.09762614314509949,0.06409357161446644,0.1472434021561833
1,0.0,0.005,family_a_W7,0.06500227928962711,0.0453022422952664,0.0951822849605565
1,0.0,0.005,savgol_w7p3,0.0409459872363936,0.0265867178018369,0.058059719550203254
1,0.0,0.005,smoothing_spline_default,0.515570723141896,0.5055700278624635,0.5229645677465704
1,0.0,0.005,smoothing_spline_tuned,0.4466873196089677,0.3536606710404805,0.6427023279527095
1,0.0,0.02,central,0.9317596755903961,0.7793588463335706,1.314181373629421
1,0.0,0.02,family_a_W5,0.31537633266160314,0.2408191610332733,0.438414157883338
1,0.0,0.02,family_a_W7,0.21974255208692256,0.151222482949494,0.28334291862916
1,0.0,0.02,savgol_w7p3,0.12026433364963775,0.06770580492686044,0.17050418325304473
1,0.0,0.02,smoothing_spline_default,0.5056059122690547,0.4966056568838946,0.5227113500776637
1,0.0,0.02,smoothing_spline_tuned,92.28636831250262,23.972243332147496,172.03375648430188
1,0.05,0.0,central,0.39178749867807383,0.3807824677714558,0.41389542869911405
1,0.05,0.0,family_a_W5,0.13650608639157874,0.13406162383740422,0.14460459618737653
1,0.05,0.0,family_a_W7,0.08780753253807477,0.08608254092579314,0.09103173813592816
1,0.05,0.0,savgol_w7p3,0.28375617423277344,0.2769490375563424,0.30052745484469223
1,0.05,0.0,smoothing_spline_default,0.5104482217884679,0.4984597412866141,0.5226561397031929
1,0.05,0.0,smoothing_spline_tuned,0.054565006011367996,0.048973119186718116,0.06368440312140776
1,0.05,0.005,central,0.4728288720370062,0.42538456332468144,0.5137687061620515
1,0.05,0.005,family_a_W5,0.16679191385927306,0.14783204377087156,0.19634065273871767
1,0.05,0.005,family_a_W7,0.1031764385435977,0.09614770432659145,0.12387467356544722
1,0.05,0.005,savgol_w7p3,0.2856051676402557,0.2780153584877737,0.30089823737204263
1,0.05,0.005,smoothing_spline_default,0.5106260988187592,0.5027567442832674,0.5231842771277474
1,0.05,0.005,smoothing_spline_tuned,0.14230223014766719,0.05685758157676121,0.21469124830867498
1,0.05,0.02,central,1.0178632593729915,0.883778652654643,1.4097679459113968
1,0.05,0.02,family_a_W5,0.34383362357149194,0.27753776667474805,0.45160158122553373
1,0.05,0.02,family_a_W7,0.2333426155789794,0.17378602669302776,0.29280795455278863
1,0.05,0.02,savgol_w7p3,0.30174660509184703,0.2831101859365669,0.3226110424174913
1,0.05,0.02,smoothing_spline_default,0.5095328266382058,0.504555213567335,0.5241690384185156
1,0.05,0.02,smoothing_spline_tuned,2.497897406740927,1.6773541251355617,4.35271689647487
1,0.2,0.0,central,1.5559393367278478,1.5034364020050297,1.6114271568982899
1,0.2,0.0,family_a_W5,0.5454771197412718,0.5199122838882859,0.5797773071305394
1,0.2,0.0,family_a_W7,0.3379050644922159,0.3220466399663025,0.35881418458030256
1,0.2,0.0,savgol_w7p3,1.1254264932740279,1.0891717818198787,1.170343211301445
1,0.2,0.0,smoothing_spline_default,0.49779097357950935,0.4910126276946114,0.5049825839963349
1,0.2,0.0,smoothing_spline_tuned,0.104455681591438,0.0954798258748852,0.11801169799743319
1,0.2,0.005,central,1.596819024182424,1.539773365814997,1.6231661660298313
1,0.2,0.005,family_a_W5,0.551463588879276,0.5352406235288218,0.5775912998052076
1,0.2,0.005,family_a_W7,0.3418886512699795,0.33140949945428594,0.3602923604193037
1,0.2,0.005,savgol_w7p3,1.1176573450028697,1.0961063071832384,1.1642117663219678
1,0.2,0.005,smoothing_spline_default,0.5023622606491795,0.491739665716442,0.5151918807431638
1,0.2,0.005,smoothing_spline_tuned,0.10334579446581407,0.10074425323578944,0.11882370076315052
1,0.2,0.02,central,1.9161822490010505,1.7882109918461555,2.137159129462922
1,0.2,0.02,family_a_W5,0.6405011974320565,0.582527753897088,0.694412698317541
1,0.2,0.02,family_a_W7,0.4081268116304556,0.3617589887674656,0.4365986757923769
1,0.2,0.02,savgol_w7p3,1.1230262810502567,1.1010547700368079,1.1658911927861324
1,0.2,0.02,smoothing_spline_default,0.49754868475686553,0.49011530241367074,0.5151984428875218
1,0.2,0.02,smoothing_spline_tuned,0.28113063921569337,0.1500133899114015,0.7433038574291932
1,0.5,0.0,central,3.9095420552833,3.7437796593483395,3.9509568304550746
1,0.5,0.0,family_a_W5,1.335057874884397,1.3045787558132258,1.3863160668591272
1,0.5,0.0,family_a_W7,0.8310733275088062,0.8096174027313005,0.8694779893454783
1,0.5,0.0,savgol_w7p3,2.8237168496754323,2.691632843750846,2.8660565844600807
1,0.5,0.0,smoothing_spline_default,0.47101383298836563,0.46167018938295323,0.47651613593006487
1,0.5,0.0,smoothing_spline_tuned,0.16553921692372026,0.15331686178012122,0.17096267855697925
1,0.5,0.005,central,3.9346642169608828,3.767702843509154,3.9787140640365664
1,0.5,0.005,family_a_W5,1.3414464830424655,1.2955519988853739,1.391653020134858
1,0.5,0.005,family_a_W7,0.8280766160307731,0.8050067941316613,0.8613142392833736
1,0.5,0.005,savgol_w7p3,2.818233137323264,2.702693414452555,2.8648579557423948
1,0.5,0.005,smoothing_spline_default,0.4682646449426101,0.4597661767088368,0.4790576143921874
1,0.5,0.005,smoothing_spline_tuned,0.16873810057499183,0.16240966166719556,0.17716755296355305
1,0.5,0.02,central,4.281933183967995,4.1780290226754335,4.3661738896122495
1,0.5,0.02,family_a_W5,1.4343713448621633,1.3680420234040096,1.4451938397147757
1,0.5,0.02,family_a_W7,0.8878588214542169,0.8447386799472734,0.8966129479144731
1,0.5,0.02,savgol_w7p3,2.8439571688620227,2.7307393560872537,2.890154548776949
1,0.5,0.02,smoothing_spline_default,0.46767894178526215,0.46141306098837653,0.47841450620458964
1,0.5,0.02,smoothing_spline_tuned,0.16913346143894536,0.15062158957012356,0.18775691727064417
2,0.0,0.0,central,0.025586590120656547,0.023868004728744018,0.045218861632720854
2,0.0,0.0,family_a_W5,0.03501043618219194,0.027669890566001012,0.0434309892993128
2,0.0,0.0,family_a_W7,0.04088295287632792,0.03408074686795684,0.05067390196267062
2,0.0,0.0,savgol_w7p3,0.028898920925103273,0.024179747412757188,0.04495120543281894
2,0.0,0.0,smoothing_spline_default,0.5109310341879758,0.5028962332854965,0.5205443222951653
2,0.0,0.0,smoothing_spline_tuned,0.036972696902839094,0.02614765941687384,0.05263883019156402
2,0.0,0.005,central,0.1358351164490549,0.08852007522591127,0.2030206910113159
2,0.0,0.005,family_a_W5,0.060271953924518,0.043501473299619765,0.08143694407705018
2,0.0,0.005,family_a_W7,0.05150276052876726,0.041452323183953234,0.06309296244934942
2,0.0,0.005,savgol_w7p3,0.02906541329922679,0.024408739670029204,0.04510084391661433
2,0.0,0.005,smoothing_spline_default,0.509798752622159,0.5022976248994603,0.5188878498952848
2,0.0,0.005,smoothing_spline_tuned,0.22911100824393582,0.16169587717958556,0.3063465209486623
2,0.0,0.02,central,0.45374028281195733,0.3598107566587176,0.6301420059554359
2,0.0,0.02,family_a_W5,0.19096134738243986,0.12523596206083742,0.23162942699268166
2,0.0,0.02,family_a_W7,0.12432437941547039,0.08365252153628645,0.17615771785844836
2,0.0,0.02,savgol_w7p3,0.03051570205664189,0.026588605237022285,0.04692150766093991
2,0.0,0.02,smoothing_spline_default,0.5086593369264323,0.5026036137169807,0.5190792718444451
2,0.0,0.02,smoothing_spline_tuned,1.0158504221286517,0.829353223468003,1.429518626965461
2,0.05,0.0,central,0.19719759546500093,0.19443736980402604,0.20693694247214575
2,0.05,0.0,family_a_W5,0.0754912895812902,0.0725924007620806,0.07659889220146641
2,0.05,0.0,family_a_W7,0.057664405288593984,0.05446080771462948,0.06383789405352833
2,0.05,0.0,savgol_w7p3,0.14467182573552806,0.141930932616896,0.1516786422568729
2,0.05,0.0,smoothing_spline_default,0.5120501128637334,0.5026625431709443,0.5162491327327502
2,0.05,0.0,smoothing_spline_tuned,0.0652385299040685,0.05929066718474539,0.07247784948419203
2,0.05,0.005,central,0.2429539198162623,0.2137984436103763,0.28431758269285007
2,0.05,0.005,family_a_W5,0.08730991870136237,0.08231364545376213,0.1040989952597187
2,0.05,0.005,family_a_W7,0.06455036950790895,0.0588892223993651,0.07445850176046494
2,0.05,0.005,savgol_w7p3,0.14284489971598874,0.14105375836292752,0.14967305400335257
2,0.05,0.005,smoothing_spline_default,0.5065662160961566,0.49371461445053333,0.5122237209665608
2,0.05,0.005,smoothing_spline_tuned,0.09064662098779214,0.06156198173930445,0.16855820642821984
2,0.05,0.02,central,0.48885739725077326,0.41610314405348314,0.672916066444583
2,0.05,0.02,family_a_W5,0.20146831378340052,0.1446708013515995,0.241656717008282
2,0.05,0.02,family_a_W7,0.13414931217454487,0.09621068282993224,0.17968798446535186
2,0.05,0.02,savgol_w7p3,0.14332456052377013,0.14173106406678246,0.15253468802242773
2,0.05,0.02,smoothing_spline_default,0.5092374633761075,0.5016274327915942,0.5150308178086331
2,0.05,0.02,smoothing_spline_tuned,0.7499838329219559,0.5637641827469569,1.2703840990687785
2,0.2,0.0,central,0.774889689355765,0.7621773442789721,0.7961774320686391
2,0.2,0.0,family_a_W5,0.26957396466119693,0.2662748578689765,0.2864942365271367
2,0.2,0.0,family_a_W7,0.16854831411574586,0.16580073050446237,0.17749264448636615
2,0.2,0.0,savgol_w7p3,0.5643644058134021,0.5533835161116305,0.5928018811395849
2,0.2,0.0,smoothing_spline_default,0.5150501484996388,0.4999862590656951,0.518342337602675
2,0.2,0.0,smoothing_spline_tuned,0.11514381004999298,0.11420615180075994,0.14042723239583502
2,0.2,0.005,central,0.7872464850858285,0.7737322318377113,0.8251239060864317
2,0.2,0.005,family_a_W5,0.2724589661643452,0.2710558557469818,0.28728798566216024
2,0.2,0.005,family_a_W7,0.1708886226424306,0.16977779983844543,0.1789161685537322
2,0.2,0.005,savgol_w7p3,0.5580535541793197,0.5454096041290134,0.5956211891890224
2,0.2,0.005,smoothing_spline_default,0.5088353934152458,0.49849658671208,0.5111520876192143
2,0.2,0.005,smoothing_spline_tuned,0.11227735458688069,0.10918070760220591,0.13340250795194505
2,0.2,0.02,central,0.9341872522429182,0.8647097761647602,1.033550634837614
2,0.2,0.02,family_a_W5,0.3358761340134312,0.295760590857604,0.3643206560555209
2,0.2,0.02,family_a_W7,0.20986114815255863,0.18654902025126346,0.24289758031456082
2,0.2,0.02,savgol_w7p3,0.5658639967331474,0.5448068672954152,0.601504858530102
2,0.2,0.02,smoothing_spline_default,0.5048236820167739,0.49700925689762016,0.5167839635995993
2,0.2,0.02,smoothing_spline_tuned,0.18355552589450497,0.1333088350537456,0.444499342645548
2,0.5,0.0,central,1.931042855665871,1.8673597798780412,1.9924726616556805
2,0.5,0.0,family_a_W5,0.6698446443307289,0.6425090006238686,0.7049570839152794
2,0.5,0.0,family_a_W7,0.41717456753905785,0.39504359951497037,0.44189143797788183
2,0.5,0.0,savgol_w7p3,1.394288928061472,1.3526485389410965,1.4491205687904838
2,0.5,0.0,smoothing_spline_default,0.4696965896898532,0.4671867373401716,0.48068580674776584
2,0.5,0.0,smoothing_spline_tuned,0.20112907382320422,0.17905027476261232,0.20879190780530515
2,0.5,0.005,central,1.959170490398854,1.8813076881766053,2.0143320505758853
2,0.5,0.005,family_a_W5,0.6848631708257968,0.6546955139450452,0.7215885274062634
2,0.5,0.005,family_a_W7,0.42264091015960614,0.4048587038154784,0.4471907555476037
2,0.5,0.005,savgol_w7p3,1.4277844801476594,1.3588685235419273,1.4693099278453021
2,0.5,0.005,smoothing_spline_default,0.4665514246919017,0.46224024257617075,0.4709059817122311
2,0.5,0.005,smoothing_spline_tuned,0.18129975947444743,0.17455330831870208,0.19604945198996
2,0.5,0.02,central,2.0670191509461153,1.9818966519760326,2.1042404811316326
2,0.5,0.02,family_a_W5,0.7180805336847293,0.686064236871463,0.7257640317110858
2,0.5,0.02,family_a_W7,0.4406578016174764,0.42163291124111757,0.45519770663413056
2,0.5,0.02,savgol_w7p3,1.4004863285135531,1.3761439223745346,1.4183166594388947
2,0.5,0.02,smoothing_spline_default,0.46726590403928847,0.4644856385149391,0.47201024604412484
2,0.5,0.02,smoothing_spline_tuned,0.18182372724210774,0.16257460053997086,0.1961406883097534
5,0.0,0.0,central,0.040278779841836795,0.0341642342407018,0.050803945101188464
5,0.0,0.0,family_a_W5,0.07205352842324834,0.06558464889186158,0.08406823877455596
5,0.0,0.0,family_a_W7,0.10972233716194732,0.09552450539175544,0.12965887681390828
5,0.0,0.0,savgol_w7p3,0.043566530974573726,0.037066094583862716,0.05345469815889216
5,0.0,0.0,smoothing_spline_default,0.5121733330444821,0.5027461424100756,0.5215445851121085
5,0.0,0.0,smoothing_spline_tuned,0.07658697765975542,0.055605651431420926,0.09038327689203474
5,0.0,0.005,central,0.07107280164870797,0.05199763868190081,0.09637545660072971
5,0.0,0.005,family_a_W5,0.07584863860574578,0.06660409010409424,0.08619444110980154
5,0.0,0.005,family_a_W7,0.11062250347680225,0.09594747465706907,0.13001837393527182
5,0.0,0.005,savgol_w7p3,0.04365127290675215,0.03716066048104971,0.053722646301175764
5,0.0,0.005,smoothing_spline_default,0.5121419931891391,0.5063608612298492,0.5183316011368775
5,0.0,0.005,smoothing_spline_tuned,0.07766615680603894,0.059070065129449165,0.08887155135221599
5,0.0,0.02,central,0.2072305739678479,0.14968374640952536,0.25646849657093745
5,0.0,0.02,family_a_W5,0.10448703087411262,0.0876959193053063,0.13745152200289573
5,0.0,0.02,family_a_W7,0.12385024452016766,0.10744802477702757,0.14047140396724972
5,0.0,0.02,savgol_w7p3,0.0452677900080799,0.03857827950747052,0.05557439363239247
5,0.0,0.02,smoothing_spline_default,0.5071241199951761,0.5011276550465751,0.515681456029427
5,0.0,0.02,smoothing_spline_tuned,0.3276889101660643,0.2662241191286372,0.44548345935699696
5,0.05,0.0,central,0.08776843540364274,0.08577692532170378,0.08903950309922222
5,0.05,0.0,family_a_W5,0.07699411743572022,0.07086094028295642,0.08772586286186061
5,0.05,0.0,family_a_W7,0.11128690978174718,0.09708102335228733,0.13109707897730172
5,0.05,0.0,savgol_w7p3,0.07087729227918053,0.06921805605689141,0.07417714503533646
5,0.05,0.0,smoothing_spline_default,0.5111290140681803,0.5030386373134438,0.5211121256916744
5,0.05,0.0,smoothing_spline_tuned,0.09956339166555625,0.08672079799491889,0.10821597049332263
5,0.05,0.005,central,0.10242235291645109,0.09613646841504399,0.11901219880664178
5,0.05,0.005,family_a_W5,0.08014338524398709,0.07100763730469531,0.09100531942319434
5,0.05,0.005,family_a_W7,0.11161057774494185,0.09765934979125315,0.13196284356663174
5,0.05,0.005,savgol_w7p3,0.06998370827585933,0.0671048812103893,0.07565287984448393
5,0.05,0.005,smoothing_spline_default,0.5118657903735229,0.5047855431048878,0.5195661338646884
5,0.05,0.005,smoothing_spline_tuned,0.09135136702934421,0.08226689296946385,0.10597836888193564
5,0.05,0.02,central,0.22040731107885986,0.16501543949255398,0.265566085013007
5,0.05,0.02,family_a_W5,0.10831506220317308,0.09084314511018116,0.1353174004716586
5,0.05,0.02,family_a_W7,0.1231474133849342,0.109226357892255,0.1376391672502128
5,0.05,0.02,savgol_w7p3,0.07242382368613637,0.06909322704320553,0.07623920520634367
5,0.05,0.02,smoothing_spline_default,0.5101204236357013,0.5053292916442668,0.5143371592302249
5,0.05,0.02,smoothing_spline_tuned,0.24784948969359472,0.1722774550261184,0.3746361040550601
5,0.2,0.0,central,0.3081304981265174,0.3020297874993119,0.33310477218372925
5,0.2,0.0,family_a_W5,0.1287438718560383,0.12592215135211376,0.13435169800488098
5,0.2,0.0,family_a_W7,0.12947065488448264,0.11742185127146663,0.14326885819757018
5,0.2,0.0,savgol_w7p3,0.22624754210090026,0.22008953686118993,0.24483231211474327
5,0.2,0.0,smoothing_spline_default,0.5022681384890908,0.4973478257990347,0.5124880991127161
5,0.2,0.0,smoothing_spline_tuned,0.1457061723108283,0.14343981681975673,0.1587699108586669
5,0.2,0.005,central,0.32709651666893313,0.31627401495481566,0.34000639458831106
5,0.2,0.005,family_a_W5,0.1338415590251426,0.12762146802539415,0.1345340274788891
5,0.2,0.005,family_a_W7,0.13093627680897788,0.11752715723847167,0.14623367037886337
5,0.2,0.005,savgol_w7p3,0.23345067003412362,0.22347143891344012,0.2431458871484227
5,0.2,0.005,smoothing_spline_default,0.5007590731313388,0.4913948416548405,0.5069351508640083
5,0.2,0.005,smoothing_spline_tuned,0.14776282229733925,0.1384780624744707,0.16788920914255473
5,0.2,0.02,central,0.37694284938223444,0.3408676514317032,0.4151087948496076
5,0.2,0.02,family_a_W5,0.1455314269006771,0.14000120751629316,0.16778623956619623
5,0.2,0.02,family_a_W7,0.13709781277765087,0.12281342155759585,0.15013682237779813
5,0.2,0.02,savgol_w7p3,0.22998509391398364,0.2248214876375411,0.24375553001511807
5,0.2,0.02,smoothing_spline_default,0.49812164441615436,0.4952437051155714,0.5003709977701929
5,0.2,0.02,smoothing_spline_tuned,0.1628656384614846,0.1399001548755887,0.17813357340461658
5,0.5,0.0,central,0.7825597372113208,0.7595659672816066,0.8099102322035194
5,0.5,0.0,family_a_W5,0.27659898825259516,0.2704587539297357,0.2924825622069991
5,0.5,0.0,family_a_W7,0.19789849095077722,0.19097783304861377,0.20636781485447014
5,0.5,0.0,savgol_w7p3,0.5664190278999887,0.5463411777522156,0.589377030736635
5,0.5,0.0,smoothing_spline_default,0.4727153065171712,0.46736417393801843,0.48913370052366795
5,0.5,0.0,smoothing_spline_tuned,0.21891674217701934,0.21702925475995902,0.2469900143011593
5,0.5,0.005,central,0.7890802445120617,0.7627113193753103,0.8169191395134368
5,0.5,0.005,family_a_W5,0.2837084088987917,0.27336530904643214,0.29171293945128784
5,0.5,0.005,family_a_W7,0.20083544101123918,0.19465375951765188,0.20498118173440527
5,0.5,0.005,savgol_w7p3,0.5752369794807,0.5466001226335278,0.5910368204443731
5,0.5,0.005,smoothing_spline_default,0.47289586359220537,0.4702029447317033,0.47634688813928616
5,0.5,0.005,smoothing_spline_tuned,0.2339257475410979,0.21498196661547792,0.2589538595832085
5,0.5,0.02,central,0.8355781350297233,0.7881582378753831,0.8466559607430302
5,0.5,0.02,family_a_W5,0.2967277861041859,0.2773879330323998,0.30367136322261484
5,0.5,0.02,family_a_W7,0.20766727322942802,0.20331151269535458,0.21231799800505988
5,0.5,0.02,savgol_w7p3,0.5581287513376808,0.5508527272215504,0.5975785136162753
5,0.5,0.02,smoothing_spline_default,0.4752156769899326,0.472298967345334,0.47728203903948285
5,0.5,0.02,smoothing_spline_tuned,0.21844897801270846,0.21000045859949582,0.2283616184708867
10,0.0,0.0,central,0.07564533593356124,0.06532408903259752,0.08977680646355976
10,0.0,0.0,family_a_W5,0.1803053043016295,0.1589956981439068,0.20571362853304964
10,0.0,0.0,family_a_W7,0.2716255543567382,0.2444007503034847,0.28842804061523925
10,0.0,0.0,savgol_w7p3,0.09238590060015323,0.08191118918382223,0.10717892873236365
10,0.0,0.0,smoothing_spline_default,0.503034852093755,0.49669799524798575,0.5112572707243481
10,0.0,0.0,smoothing_spline_tuned,0.15406860437049363,0.11079945624999032,0.1787783973751197
10,0.0,0.005,central,0.08252936192964022,0.07024083466791675,0.09467003589599444
10,0.0,0.005,family_a_W5,0.1806075141864526,0.1591165654639169,0.20597281358453964
10,0.0,0.005,family_a_W7,0.27151881694959656,0.24487485235699227,0.2884419735085234
10,0.0,0.005,savgol_w7p3,0.09252524779747118,0.08192104197248712,0.10725983606869466
10,0.0,0.005,smoothing_spline_default,0.5081483326024335,0.49867037209392834,0.5181730874602148
10,0.0,0.005,smoothing_spline_tuned,0.15624525882913892,0.11003020520698442,0.18008896512879755
10,0.0,0.02,central,0.13359620766970887,0.10508145860330864,0.16549426812066112
10,0.0,0.02,family_a_W5,0.18581411692350253,0.16421075689320802,0.209933509466326
10,0.0,0.02,family_a_W7,0.27232879781714653,0.24515289220183817,0.29059543678064037
10,0.0,0.02,savgol_w7p3,0.09285682091100639,0.08246479919627189,0.1075228750306479
10,0.0,0.02,smoothing_spline_default,0.5048730791148417,0.4974207443693912,0.5161573962536031
10,0.0,0.02,smoothing_spline_tuned,0.1577394768186432,0.12001753225929625,0.19978333026630152
10,0.05,0.0,central,0.08451278372969923,0.0748765113994846,0.09632958130525233
10,0.05,0.0,family_a_W5,0.18073020510132481,0.1595737984972551,0.20649512018707
10,0.05,0.0,family_a_W7,0.2716168515535678,0.24443080482735938,0.2887262311227383
10,0.05,0.0,savgol_w7p3,0.09628745454858176,0.08600060900801064,0.11051848224671057
10,0.05,0.0,smoothing_spline_default,0.5041950469081931,0.49740848876575283,0.5112453808892562
10,0.05,0.0,smoothing_spline_tuned,0.1635039734141859,0.13471058290410015,0.18683156272404855
10,0.05,0.005,central,0.0908672381749132,0.08009241705800058,0.0998229192420022
10,0.05,0.005,family_a_W5,0.18090564040802143,0.15983554220268764,0.20578515327612462
10,0.05,0.005,family_a_W7,0.2716146897166125,0.24461665619268255,0.2879826165597905
10,0.05,0.005,savgol_w7p3,0.09693924333982859,0.08632113413690946,0.11043137025634933
10,0.05,0.005,smoothing_spline_default,0.5061282002030536,0.4999057230826417,0.5125494806198898
10,0.05,0.005,smoothing_spline_tuned,0.16206252815283773,0.1365962567582171,0.18129706255299946
10,0.05,0.02,central,0.14135248592528943,0.11140680706302297,0.17166935379979353
10,0.05,0.02,family_a_W5,0.18549390217426953,0.1655500469740941,0.20828426184047788
10,0.05,0.02,family_a_W7,0.2723676120894911,0.24582125520219852,0.28878026401378937
10,0.05,0.02,savgol_w7p3,0.0962526402814656,0.08676917066543066,0.1099791532092953
10,0.05,0.02,smoothing_spline_default,0.5033355322491226,0.4978721212406918,0.5103065619489082
10,0.05,0.02,smoothing_spline_tuned,0.16662292676871518,0.13313198966711892,0.19113595377721862
10,0.2,0.0,central,0.17453166097338535,0.16790185081222123,0.18135417401468057
10,0.2,0.0,family_a_W5,0.18919532219049975,0.16672053892074373,0.21199814901442024
10,0.2,0.0,family_a_W7,0.27321357145133074,0.24659992669956865,0.2890587205310925
10,0.2,0.0,savgol_w7p3,0.14907685794354616,0.1385417809452944,0.1553547985720189
10,0.2,0.0,smoothing_spline_default,0.505025887242134,0.49370693431626334,0.5122052961710841
10,0.2,0.0,smoothing_spline_tuned,0.21228537681390708,0.20180521435737964,0.22264445248410014
10,0.2,0.005,central,0.17772915064533792,0.16902952149642295,0.18297703094339862
10,0.2,0.005,family_a_W5,0.18913758557881155,0.170183151877151,0.21153308786164393
10,0.2,0.005,family_a_W7,0.27356959259401936,0.248592776151519,0.29062834642037405
10,0.2,0.005,savgol_w7p3,0.14738284509678343,0.13864553560383663,0.15643463608830566
10,0.2,0.005,smoothing_spline_default,0.5022078506053032,0.49882262920591247,0.5093891315636156
10,0.2,0.005,smoothing_spline_tuned,0.20839425209855725,0.19394689021406275,0.2230406771089554
10,0.2,0.02,central,0.20500347121962248,0.19605836401666246,0.22432169181004327
10,0.2,0.02,family_a_W5,0.19578534199013206,0.1718497964541007,0.21500787851456984
10,0.2,0.02,family_a_W7,0.2735120798945805,0.2497982528648728,0.2916086704841468
10,0.2,0.02,savgol_w7p3,0.1482441015153864,0.13653014074283032,0.15365453660266476
10,0.2,0.02,smoothing_spline_default,0.4992197343284803,0.4936720601715415,0.5140767082078477
10,0.2,0.02,smoothing_spline_tuned,0.2073634332563597,0.19598284733282995,0.21937185275118992
10,0.5,0.0,central,0.3913868218474785,0.37900313137728775,0.4190608071000833
10,0.5,0.0,family_a_W5,0.2292094556380424,0.20740952357708808,0.242806720238065
10,0.5,0.0,family_a_W7,0.28473220096392937,0.2564713776191732,0.29735278218583405
10,0.5,0.0,savgol_w7p3,0.28711755275257467,0.2822730798255199,0.31501131107533603
10,0.5,0.0,smoothing_spline_default,0.4730613227611139,0.47178323324100474,0.47843841858944225
10,0.5,0.0,smoothing_spline_tuned,0.2751031851161131,0.2509049330242036,0.2998011822879932
10,0.5,0.005,central,0.40796869915672107,0.3989521789582406,0.42272142399002516
10,0.5,0.005,family_a_W5,0.22549564969020966,0.20902327541941462,0.24136808831916898
10,0.5,0.005,family_a_W7,0.28389173548525226,0.25841668165471926,0.2979877795649375
10,0.5,0.005,savgol_w7p3,0.3059617894938165,0.2981033623296018,0.3149075220264889
10,0.5,0.005,smoothing_spline_default,0.4686744539050442,0.45938573550047235,0.4885136498301508
10,0.5,0.005,smoothing_spline_tuned,0.28471457708418546,0.2700613364544688,0.31099852501629754
10,0.5,0.02,central,0.4176252876905962,0.3978665968074787,0.4296587804119841
10,0.5,0.02,family_a_W5,0.22835445538474172,0.20491400100998783,0.25307227890026546
10,0.5,0.02,family_a_W7,0.282934255613599,0.2572361669150038,0.29991085774157367
10,0.5,0.02,savgol_w7p3,0.28846988916037974,0.28702737042782184,0.3063389216734892
10,0.5,0.02,smoothing_spline_default,0.46646740673617304,0.45890157790055924,0.4702057224056858
10,0.5,0.02,smoothing_spline_tuned,0.27800229610827676,0.2632129568045946,0.2870809760674378
