ds_factor,effective_hz,noise_sigma,jitter_sigma,method,rmse,n
1,9.999948800267001,0.0,0.0,central,0.027219024151239286,24140
1,9.999948800267001,0.0,0.0,savgol_w7p3,0.027405079580133513,24140
1,9.999948800267001,0.0,0.0,smoothing_spline_default,0.4386160982110661,24140
1,9.999948800267001,0.0,0.0,smoothing_spline_tuned,0.03565729838546971,24140
1,9.999948800267001,0.0,0.0,family_a_W5,0.0231564442215176,24140
1,9.999948800267001,0.0,0.0,family_a_W7,0.025368776016443457,24140
1,10.00246050458345,0.0,0.005,central,0.1484261441719032,24140
1,10.00246050458345,0.0,0.005,savgol_w7p3,0.027480335942516497,24140
1,10.00246050458345,0.0,0.005,smoothing_spline_default,0.4379423467209256,24140
1,10.00246050458345,0.0,0.005,smoothing_spline_tuned,0.295671202942519,24140
1,10.00246050458345,0.0,0.005,family_a_W5,0.05550582004261473,24140
1,10.00246050458345,0.0,0.005,family_a_W7,0.039989801956553245,24140
1,10.010164834523069,0.0,0.02,central,0.6514727824564897,24140
1,10.010164834523069,0.0,0.02,savgol_w7p3,0.08731235570650406,24140
1,10.010164834523069,0.0,0.02,smoothing_spline_default,0.43752327369640104,24140
1,10.010164834523069,0.0,0.02,smoothing_spline_tuned,181.85339131484795,24140
1,10.010164834523069,0.0,0.02,family_a_W5,0.1999627891239449,24140
1,10.010164834523069,0.0,0.02,family_a_W7,0.12550096525689944,24140
1,9.999948800267001,0.05,0.0,central,0.3860653586150954,24140
1,9.999948800267001,0.05,0.0,savgol_w7p3,0.28136273308122817,24140
1,9.999948800267001,0.05,0.0,smoothing_spline_default,0.4381818270373874,24140
1,9.999948800267001,0.05,0.0,smoothing_spline_tuned,0.05097784127326284,24140
1,9.999948800267001,0.05,0.0,family_a_W5,0.1347294320976365,24140
1,9.999948800267001,0.05,0.0,family_a_W7,0.08562937580977328,24140
1,10.005082838271948,0.05,0.005,central,0.41523089621626924,24140
1,10.005082838271948,0.05,0.005,savgol_w7p3,0.28300896412539694,24140
1,10.005082838271948,0.05,0.005,smoothing_spline_default,0.4382405215529909,24140
1,10.005082838271948,0.05,0.005,smoothing_spline_tuned,0.051213969245991704,24140
1,10.005082838271948,0.05,0.005,family_a_W5,0.1444072817226913,24140
1,10.005082838271948,0.05,0.005,family_a_W7,0.0915924311640048,24140
1,9.983921826470747,0.05,0.02,central,0.7753827610549663,24140
1,9.983921826470747,0.05,0.02,savgol_w7p3,0.27880437150286874,24140
1,9.983921826470747,0.05,0.02,smoothing_spline_default,0.43670440926005283,24140
1,9.983921826470747,0.05,0.02,smoothing_spline_tuned,1.4704158309546627,24140
1,9.983921826470747,0.05,0.02,family_a_W5,0.24331911940219503,24140
1,9.983921826470747,0.05,0.02,family_a_W7,0.15184274206531923,24140
1,9.999948800267001,0.2,0.0,central,1.5354276126774336,24140
1,9.999948800267001,0.2,0.0,savgol_w7p3,1.1123188606701,24140
1,9.999948800267001,0.2,0.0,smoothing_spline_default,0.43210626354216075,24140
1,9.999948800267001,0.2,0.0,smoothing_spline_tuned,0.09361408334842304,24140
1,9.999948800267001,0.2,0.0,family_a_W5,0.5341123385257787,24140
1,9.999948800267001,0.2,0.0,family_a_W7,0.3327125761328181,24140
1,10.005288890568497,0.2,0.005,central,1.5265248411802415,24140
1,10.005288890568497,0.2,0.005,savgol_w7p3,1.1023411213614571,24140
1,10.005288890568497,0.2,0.005,smoothing_spline_default,0.43621675003904514,24140
1,10.005288890568497,0.2,0.005,smoothing_spline_tuned,0.10106185994919198,24140
1,10.005288890568497,0.2,0.005,family_a_W5,0.530626725552787,24140
1,10.005288890568497,0.2,0.005,family_a_W7,0.32821576458789775,24140
1,10.019990832287979,0.2,0.02,central,1.7423924265510873,24140
1,10.019990832287979,0.2,0.02,savgol_w7p3,1.1095985758476714,24140
1,10.019990832287979,0.2,0.02,smoothing_spline_default,0.4292532118267175,24140
1,10.019990832287979,0.2,0.02,smoothing_spline_tuned,0.1299393878773738,24140
1,10.019990832287979,0.2,0.02,family_a_W5,0.5690674998289802,24140
1,10.019990832287979,0.2,0.02,family_a_W7,0.3521599748797758,24140
1,9.999948800267001,0.5,0.0,central,3.8864719398806025,24140
1,9.999948800267001,0.5,0.0,savgol_w7p3,2.7825085680677217,24140
1,9.999948800267001,0.5,0.0,smoothing_spline_default,0.4160937762156112,24140
1,9.999948800267001,0.5,0.0,smoothing_spline_tuned,0.1496397192712616,24140
1,9.999948800267001,0.5,0.0,family_a_W5,1.3136058264718313,24140
1,9.999948800267001,0.5,0.0,family_a_W7,0.8159877161505507,24140
1,10.00120890288443,0.5,0.005,central,3.9187189603253194,24140
1,10.00120890288443,0.5,0.005,savgol_w7p3,2.801309922909269,24140
1,10.00120890288443,0.5,0.005,smoothing_spline_default,0.40398776821376464,24140
1,10.00120890288443,0.5,0.005,smoothing_spline_tuned,0.14046461710089894,24140
1,10.00120890288443,0.5,0.005,family_a_W5,1.341393806141541,24140
1,10.00120890288443,0.5,0.005,family_a_W7,0.8299615043121638,24140
1,9.995013003966982,0.5,0.02,central,4.170643541617251,24140
1,9.995013003966982,0.5,0.02,savgol_w7p3,2.8089988725990716,24140
1,9.995013003966982,0.5,0.02,smoothing_spline_default,0.41539472880510586,24140
1,9.995013003966982,0.5,0.02,smoothing_spline_tuned,0.14731560639711613,24140
1,9.995013003966982,0.5,0.02,family_a_W5,1.347578805594371,24140
1,9.995013003966982,0.5,0.02,family_a_W7,0.8307399749596415,24140
2,4.999987200030572,0.0,0.0,central,0.023359406344658044,12070
2,4.999987200030572,0.0,0.0,savgol_w7p3,0.02599493080343333,12070
2,4.999987200030572,0.0,0.0,smoothing_spline_default,0.4378650131483639,12070
2,4.999987200030572,0.0,0.0,smoothing_spline_tuned,0.029105427138828625,12070
2,4.999987200030572,0.0,0.0,family_a_W5,0.030054445877675025,12070
2,4.999987200030572,0.0,0.0,family_a_W7,0.036653273977084996,12070
2,4.999188118331461,0.0,0.005,central,0.07748024135177299,12070
2,4.999188118331461,0.0,0.005,savgol_w7p3,0.02611299827169032,12070
2,4.999188118331461,0.0,0.005,smoothing_spline_default,0.4378585640618542,12070
2,4.999188118331461,0.0,0.005,smoothing_spline_tuned,0.1399749198102031,12070
2,4.999188118331461,0.0,0.005,family_a_W5,0.038956436082357444,12070
2,4.999188118331461,0.0,0.005,family_a_W7,0.03988397325340738,12070
2,4.99997116051454,0.0,0.02,central,0.3058264940316033,12070
2,4.99997116051454,0.0,0.02,savgol_w7p3,0.02702409603038726,12070
2,4.99997116051454,0.0,0.02,smoothing_spline_default,0.4374035918493488,12070
2,4.99997116051454,0.0,0.02,smoothing_spline_tuned,0.7150398673387452,12070
2,4.99997116051454,0.0,0.02,family_a_W5,0.10518736453925634,12070
2,4.99997116051454,0.0,0.02,family_a_W7,0.07154483670697943,12070
2,4.999987200030572,0.05,0.0,central,0.19354021270820562,12070
2,4.999987200030572,0.05,0.0,savgol_w7p3,0.1417700233987932,12070
2,4.999987200030572,0.05,0.0,smoothing_spline_default,0.4377469737992007,12070
2,4.999987200030572,0.05,0.0,smoothing_spline_tuned,0.06022653771080929,12070
2,4.999987200030572,0.05,0.0,family_a_W5,0.07181971599826621,12070
2,4.999987200030572,0.05,0.0,family_a_W7,0.05431720007987431,12070
2,5.000203083111736,0.05,0.005,central,0.20579781457069793,12070
2,5.000203083111736,0.05,0.005,savgol_w7p3,0.14068555629227097,12070
2,5.000203083111736,0.05,0.005,smoothing_spline_default,0.4380844455797898,12070
2,5.000203083111736,0.05,0.005,smoothing_spline_tuned,0.058406116844816065,12070
2,5.000203083111736,0.05,0.005,family_a_W5,0.0778545128477525,12070
2,5.000203083111736,0.05,0.005,family_a_W7,0.05625590627057871,12070
2,4.996564138788448,0.05,0.02,central,0.35777265133366887,12070
2,4.996564138788448,0.05,0.02,savgol_w7p3,0.1421204889532126,12070
2,4.996564138788448,0.05,0.02,smoothing_spline_default,0.43753848691905084,12070
2,4.996564138788448,0.05,0.02,smoothing_spline_tuned,0.47703368870117013,12070
2,4.996564138788448,0.05,0.02,family_a_W5,0.12181061601626196,12070
2,4.996564138788448,0.05,0.02,family_a_W7,0.08129342002522441,12070
2,4.999987200030572,0.2,0.0,central,0.7751893726306645,12070
2,4.999987200030572,0.2,0.0,savgol_w7p3,0.559562856988637,12070
2,4.999987200030572,0.2,0.0,smoothing_spline_default,0.4308903570777001,12070
2,4.999987200030572,0.2,0.0,smoothing_spline_tuned,0.11594136458179519,12070
2,4.999987200030572,0.2,0.0,family_a_W5,0.26740453083360066,12070
2,4.999987200030572,0.2,0.0,family_a_W7,0.16521578587210997,12070
2,5.000166391344492,0.2,0.005,central,0.7751154052139982,12070
2,5.000166391344492,0.2,0.005,savgol_w7p3,0.5589652343167226,12070
2,5.000166391344492,0.2,0.005,smoothing_spline_default,0.43480525681422705,12070
2,5.000166391344492,0.2,0.005,smoothing_spline_tuned,0.10849831275489327,12070
2,5.000166391344492,0.2,0.005,family_a_W5,0.2708823512617883,12070
2,5.000166391344492,0.2,0.005,family_a_W7,0.1709606621015175,12070
2,5.001416656601809,0.2,0.02,central,0.8429417533238616,12070
2,5.001416656601809,0.2,0.02,savgol_w7p3,0.5611653160692583,12070
2,5.001416656601809,0.2,0.02,smoothing_spline_default,0.43809217297097375,12070
2,5.001416656601809,0.2,0.02,smoothing_spline_tuned,0.13422916013601396,12070
2,5.001416656601809,0.2,0.02,family_a_W5,0.2897425453515197,12070
2,5.001416656601809,0.2,0.02,family_a_W7,0.17932911149795774,12070
2,4.999987200030572,0.5,0.0,central,1.8815835773275738,12070
2,4.999987200030572,0.5,0.0,savgol_w7p3,1.3657282338821326,12070
2,4.999987200030572,0.5,0.0,smoothing_spline_default,0.41241085178885206,12070
2,4.999987200030572,0.5,0.0,smoothing_spline_tuned,0.16076898485466842,12070
2,4.999987200030572,0.5,0.0,family_a_W5,0.6610839379623412,12070
2,4.999987200030572,0.5,0.0,family_a_W7,0.40749550614976593,12070
2,5.0024580476591565,0.5,0.005,central,1.913534598662487,12070
2,5.0024580476591565,0.5,0.005,savgol_w7p3,1.3871879583286066,12070
2,5.0024580476591565,0.5,0.005,smoothing_spline_default,0.4116668856406241,12070
2,5.0024580476591565,0.5,0.005,smoothing_spline_tuned,0.15277772075024984,12070
2,5.0024580476591565,0.5,0.005,family_a_W5,0.6586549408068191,12070
2,5.0024580476591565,0.5,0.005,family_a_W7,0.4034142310516776,12070
2,4.999577984860663,0.5,0.02,central,1.964083466976732,12070
2,4.999577984860663,0.5,0.02,savgol_w7p3,1.3830159361118806,12070
2,4.999577984860663,0.5,0.02,smoothing_spline_default,0.40612825030491534,12070
2,4.999577984860663,0.5,0.02,smoothing_spline_tuned,0.1587039936316194,12070
2,4.999577984860663,0.5,0.02,family_a_W5,0.677724774825998,12070
2,4.999577984860663,0.5,0.02,family_a_W7,0.4172267874712876,12070
5,1.9999969280046919,0.0,0.0,central,0.03480270832743685,4828
5,1.9999969280046919,0.0,0.0,savgol_w7p3,0.03925915136331168,4828
5,1.9999969280046919,0.0,0.0,smoothing_spline_default,0.4277540203480373,4828
5,1.9999969280046919,0.0,0.0,smoothing_spline_tuned,0.052745807390830554,4828
5,1.9999969280046919,0.0,0.0,family_a_W5,0.06501522151188874,4828
5,1.9999969280046919,0.0,0.0,family_a_W7,0.09205692375148546,4828
5,1.9997448131924427,0.0,0.005,central,0.04552809867415486,4828
5,1.9997448131924427,0.0,0.005,savgol_w7p3,0.039392095747939046,4828
5,1.9997448131924427,0.0,0.005,smoothing_spline_default,0.4276117186087954,4828
5,1.9997448131924427,0.0,0.005,smoothing_spline_tuned,0.056083064385802545,4828
5,1.9997448131924427,0.0,0.005,family_a_W5,0.06594569565690722,4828
5,1.9997448131924427,0.0,0.005,family_a_W7,0.09250597184918828,4828
5,1.9985802925757497,0.0,0.02,central,0.12793296539578364,4828
5,1.9985802925757497,0.0,0.02,savgol_w7p3,0.04025672309241624,4828
5,1.9985802925757497,0.0,0.02,smoothing_spline_default,0.43196920740726147,4828
5,1.9985802925757497,0.0,0.02,smoothing_spline_tuned,0.22655883924989362,4828
5,1.9985802925757497,0.0,0.02,family_a_W5,0.07742621495460678,4828
5,1.9985802925757497,0.0,0.02,family_a_W7,0.09511998712595858,4828
5,1.9999969280046919,0.05,0.0,central,0.0853902915208728,4828
5,1.9999969280046919,0.05,0.0,savgol_w7p3,0.06885270856927847,4828
5,1.9999969280046919,0.05,0.0,smoothing_spline_default,0.4349644344487261,4828
5,1.9999969280046919,0.05,0.0,smoothing_spline_tuned,0.0803113765522352,4828
5,1.9999969280046919,0.05,0.0,family_a_W5,0.07016910248062286,4828
5,1.9999969280046919,0.05,0.0,family_a_W7,0.09360049496642339,4828
5,2.0001257184567667,0.05,0.005,central,0.08742814292448445,4828
5,2.0001257184567667,0.05,0.005,savgol_w7p3,0.0668304402091336,4828
5,2.0001257184567667,0.05,0.005,smoothing_spline_default,0.4267441194905752,4828
5,2.0001257184567667,0.05,0.005,smoothing_spline_tuned,0.0807096874441301,4828
5,2.0001257184567667,0.05,0.005,family_a_W5,0.07035203225743397,4828
5,2.0001257184567667,0.05,0.005,family_a_W7,0.09341054954018975,4828
5,2.0006056750185888,0.05,0.02,central,0.14289465724737274,4828
5,2.0006056750185888,0.05,0.02,savgol_w7p3,0.06875313842107832,4828
5,2.0006056750185888,0.05,0.02,smoothing_spline_default,0.42623218123771334,4828
5,2.0006056750185888,0.05,0.02,smoothing_spline_tuned,0.15764881440125522,4828
5,2.0006056750185888,0.05,0.02,family_a_W5,0.08023321919460237,4828
5,2.0006056750185888,0.05,0.02,family_a_W7,0.09641455622765709,4828
5,1.9999969280046919,0.2,0.0,central,0.31191743303579345,4828
5,1.9999969280046919,0.2,0.0,savgol_w7p3,0.2286545829936691,4828
5,1.9999969280046919,0.2,0.0,smoothing_spline_default,0.42450270525645184,4828
5,1.9999969280046919,0.2,0.0,smoothing_spline_tuned,0.1335430236769973,4828
5,1.9999969280046919,0.2,0.0,family_a_W5,0.12566734766399562,4828
5,1.9999969280046919,0.2,0.0,family_a_W7,0.11351035013356839,4828
5,2.0003189784431203,0.2,0.005,central,0.31544631396228084,4828
5,2.0003189784431203,0.2,0.005,savgol_w7p3,0.22888722584013496,4828
5,2.0003189784431203,0.2,0.005,smoothing_spline_default,0.4258774856196589,4828
5,2.0003189784431203,0.2,0.005,smoothing_spline_tuned,0.1332021212679814,4828
5,2.0003189784431203,0.2,0.005,family_a_W5,0.125661936552402,4828
5,2.0003189784431203,0.2,0.005,family_a_W7,0.11386533940160108,4828
5,2.00058531886883,0.2,0.02,central,0.33327858558798307,4828
5,2.00058531886883,0.2,0.02,savgol_w7p3,0.22604607594374887,4828
5,2.00058531886883,0.2,0.02,smoothing_spline_default,0.4290787483826036,4828
5,2.00058531886883,0.2,0.02,smoothing_spline_tuned,0.130624255061345,4828
5,2.00058531886883,0.2,0.02,family_a_W5,0.13340341782721957,4828
5,2.00058531886883,0.2,0.02,family_a_W7,0.11737478209304456,4828
5,1.9999969280046919,0.5,0.0,central,0.7722350534377692,4828
5,1.9999969280046919,0.5,0.0,savgol_w7p3,0.5597279986719069,4828
5,1.9999969280046919,0.5,0.0,smoothing_spline_default,0.4052665611969518,4828
5,1.9999969280046919,0.5,0.0,smoothing_spline_tuned,0.190742943881589,4828
5,1.9999969280046919,0.5,0.0,family_a_W5,0.2761396861803573,4828
5,1.9999969280046919,0.5,0.0,family_a_W7,0.19030898014932052,4828
5,1.999708629973739,0.5,0.005,central,0.7714261864353603,4828
5,1.999708629973739,0.5,0.005,savgol_w7p3,0.5644142499548055,4828
5,1.999708629973739,0.5,0.005,smoothing_spline_default,0.4081150219311825,4828
5,1.999708629973739,0.5,0.005,smoothing_spline_tuned,0.20409294095605143,4828
5,1.999708629973739,0.5,0.005,family_a_W5,0.2801234142457768,4828
5,1.999708629973739,0.5,0.005,family_a_W7,0.19384673851600148,4828
5,1.9987849701380744,0.5,0.02,central,0.7747345822536489,4828
5,1.9987849701380744,0.5,0.02,savgol_w7p3,0.5504552015897369,4828
5,1.9987849701380744,0.5,0.02,smoothing_spline_default,0.4096866197724347,4828
5,1.9987849701380744,0.5,0.02,smoothing_spline_tuned,0.19228568960314507,4828
5,1.9987849701380744,0.5,0.02,family_a_W5,0.2721708059826529,4828
5,1.9987849701380744,0.5,0.02,family_a_W7,0.18805215971836847,4828
10,0.9999997440000443,0.0,0.0,central,0.06361148947621115,2414
10,0.9999997440000443,0.0,0.0,savgol_w7p3,0.07992430549351791,2414
10,0.9999997440000443,0.0,0.0,smoothing_spline_default,0.4348743994060253,2414
10,0.9999997440000443,0.0,0.0,smoothing_spline_tuned,0.10212879486260722,2414
10,0.9999997440000443,0.0,0.0,family_a_W5,0.1360623182958778,2414
10,0.9999997440000443,0.0,0.0,family_a_W7,0.19665207447050623,2414
10,0.9999320788853739,0.0,0.005,central,0.0647590823138405,2414
10,0.9999320788853739,0.0,0.005,savgol_w7p3,0.07988946875666456,2414
10,0.9999320788853739,0.0,0.005,smoothing_spline_default,0.43287802019347893,2414
10,0.9999320788853739,0.0,0.005,smoothing_spline_tuned,0.10177253333996578,2414
10,0.9999320788853739,0.0,0.005,family_a_W5,0.13601689230810785,2414
10,0.9999320788853739,0.0,0.005,family_a_W7,0.19646353609608158,2414
10,1.0008352922146917,0.0,0.02,central,0.08922374007174284,2414
10,1.0008352922146917,0.0,0.02,savgol_w7p3,0.08041286892204358,2414
10,1.0008352922146917,0.0,0.02,smoothing_spline_default,0.4322352287092062,2414
10,1.0008352922146917,0.0,0.02,smoothing_spline_tuned,0.10432293187693459,2414
10,1.0008352922146917,0.0,0.02,family_a_W5,0.13805961501395506,2414
10,1.0008352922146917,0.0,0.02,family_a_W7,0.1973913425873274,2414
10,0.9999997440000443,0.05,0.0,central,0.0731269717432882,2414
10,0.9999997440000443,0.05,0.0,savgol_w7p3,0.08407525940340664,2414
10,0.9999997440000443,0.05,0.0,smoothing_spline_default,0.43565783438895234,2414
10,0.9999997440000443,0.05,0.0,smoothing_spline_tuned,0.11795118358146149,2414
10,0.9999997440000443,0.05,0.0,family_a_W5,0.1364357525329963,2414
10,0.9999997440000443,0.05,0.0,family_a_W7,0.19681236948054173,2414
10,1.0000275386940523,0.05,0.005,central,0.07575634800629123,2414
10,1.0000275386940523,0.05,0.005,savgol_w7p3,0.08402527539602539,2414
10,1.0000275386940523,0.05,0.005,smoothing_spline_default,0.4331168072186253,2414
10,1.0000275386940523,0.05,0.005,smoothing_spline_tuned,0.11813785967960456,2414
10,1.0000275386940523,0.05,0.005,family_a_W5,0.13690097132637968,2414
10,1.0000275386940523,0.05,0.005,family_a_W7,0.1972195999302052,2414
10,1.0002102744279497,0.05,0.02,central,0.0945993863129937,2414
10,1.0002102744279497,0.05,0.02,savgol_w7p3,0.08472593573824198,2414
10,1.0002102744279497,0.05,0.02,smoothing_spline_default,0.4359447701178227,2414
10,1.0002102744279497,0.05,0.02,smoothing_spline_tuned,0.11348425332376925,2414
10,1.0002102744279497,0.05,0.02,family_a_W5,0.1386254198767569,2414
10,1.0002102744279497,0.05,0.02,family_a_W7,0.1976580755561693,2414
10,0.9999997440000443,0.2,0.0,central,0.1643486834831103,2414
10,0.9999997440000443,0.2,0.0,savgol_w7p3,0.13615376891904582,2414
10,0.9999997440000443,0.2,0.0,smoothing_spline_default,0.43293097454213,2414
10,0.9999997440000443,0.2,0.0,smoothing_spline_tuned,0.16619585656061805,2414
10,0.9999997440000443,0.2,0.0,family_a_W5,0.1455643610150664,2414
10,0.9999997440000443,0.2,0.0,family_a_W7,0.198837268421808,2414
10,0.9998661481184591,0.2,0.005,central,0.16658205352044397,2414
10,0.9998661481184591,0.2,0.005,savgol_w7p3,0.13642480867371543,2414
10,0.9998661481184591,0.2,0.005,smoothing_spline_default,0.4269129171216603,2414
10,0.9998661481184591,0.2,0.005,smoothing_spline_tuned,0.17178036995866727,2414
10,0.9998661481184591,0.2,0.005,family_a_W5,0.14640986046102533,2414
10,0.9998661481184591,0.2,0.005,family_a_W7,0.19851865249617823,2414
10,1.0000067287965357,0.2,0.02,central,0.16989618011397736,2414
10,1.0000067287965357,0.2,0.02,savgol_w7p3,0.13151349014670455,2414
10,1.0000067287965357,0.2,0.02,smoothing_spline_default,0.4234387506232504,2414
10,1.0000067287965357,0.2,0.02,smoothing_spline_tuned,0.16574914476806446,2414
10,1.0000067287965357,0.2,0.02,family_a_W5,0.14640775050634144,2414
10,1.0000067287965357,0.2,0.02,family_a_W7,0.1992620090357056,2414
10,0.9999997440000443,0.5,0.0,central,0.3788489659339848,2414
10,0.9999997440000443,0.5,0.0,savgol_w7p3,0.2816102414623159,2414
10,0.9999997440000443,0.5,0.0,smoothing_spline_default,0.4084926780110141,2414
10,0.9999997440000443,0.5,0.0,smoothing_spline_tuned,0.22687660699152382,2414
10,0.9999997440000443,0.5,0.0,family_a_W5,0.18891003360530206,2414
10,0.9999997440000443,0.5,0.0,family_a_W7,0.21197548923424223,2414
10,0.9999404310049714,0.5,0.005,central,0.39735682489668006,2414
10,0.9999404310049714,0.5,0.005,savgol_w7p3,0.295623792631318,2414
10,0.9999404310049714,0.5,0.005,smoothing_spline_default,0.41687055792079114,2414
10,0.9999404310049714,0.5,0.005,smoothing_spline_tuned,0.22705860591544327,2414
10,0.9999404310049714,0.5,0.005,family_a_W5,0.1928933261005729,2414
10,0.9999404310049714,0.5,0.005,family_a_W7,0.21577229334090756,2414
10,0.9996910021878257,0.5,0.02,central,0.3939946940915319,2414
10,0.9996910021878257,0.5,0.02,savgol_w7p3,0.2869744519689716,2414
10,0.9996910021878257,0.5,0.02,smoothing_spline_default,0.4076743898818851,2414
10,0.9996910021878257,0.5,0.02,smoothing_spline_tuned,0.22006767380707762,2414
10,0.9996910021878257,0.5,0.02,family_a_W5,0.18847791300371375,2414
10,0.9996910021878257,0.5,0.02,family_a_W7,0.21217101898903107,2414
