dataset,sequence,method,kappa_bin,n,rmse_vs_ref
HeLiPR,bridge01,central,0e+00-1e-03,8387,0.08508699751009817
HeLiPR,bridge01,central,1e-03-5e-03,6555,0.0700366368780949
HeLiPR,bridge01,central,5e-03-2e-02,2394,0.050786863483411375
HeLiPR,bridge01,central,2e-02-1e-01,1372,0.0398406961612459
HeLiPR,bridge01,central,1e-01-1e+00,2731,0.013997388643143071
HeLiPR,bridge01,family_a_W5,0e+00-1e-03,8387,0.03949166911670673
HeLiPR,bridge01,family_a_W5,1e-03-5e-03,6555,0.03936780438080079
HeLiPR,bridge01,family_a_W5,5e-03-2e-02,2394,0.03555703515681006
HeLiPR,bridge01,family_a_W5,2e-02-1e-01,1372,0.03412062726422354
HeLiPR,bridge01,family_a_W5,1e-01-1e+00,2731,0.013750461962259704
HeLiPR,dcc05,central,0e+00-1e-03,2487,0.07848158764318978
HeLiPR,dcc05,central,1e-03-5e-03,2702,0.14531089053862542
HeLiPR,dcc05,central,5e-03-2e-02,1309,0.21841189393979257
HeLiPR,dcc05,central,2e-02-1e-01,1133,0.2447365299626924
HeLiPR,dcc05,central,1e-01-1e+00,3179,0.23756120354171067
HeLiPR,dcc05,family_a_W5,0e+00-1e-03,2487,0.07749204675902803
HeLiPR,dcc05,family_a_W5,1e-03-5e-03,2702,0.14746626826022227
HeLiPR,dcc05,family_a_W5,5e-03-2e-02,1309,0.2091461517755413
HeLiPR,dcc05,family_a_W5,2e-02-1e-01,1133,0.23945609203128354
HeLiPR,dcc05,family_a_W5,1e-01-1e+00,3179,0.23045306184863534
HeLiPR,kaist05,central,0e+00-1e-03,2807,0.031620928180861346
HeLiPR,kaist05,central,1e-03-5e-03,4233,0.029527011227138168
HeLiPR,kaist05,central,5e-03-2e-02,3101,0.027058397039486218
HeLiPR,kaist05,central,2e-02-1e-01,1722,0.02439803603108825
HeLiPR,kaist05,central,1e-01-1e+00,614,0.020572437303071265
HeLiPR,kaist05,family_a_W5,0e+00-1e-03,2807,0.02250547266193225
HeLiPR,kaist05,family_a_W5,1e-03-5e-03,4233,0.02506556416946332
HeLiPR,kaist05,family_a_W5,5e-03-2e-02,3101,0.023444217339882733
HeLiPR,kaist05,family_a_W5,2e-02-1e-01,1722,0.025031052492642626
HeLiPR,kaist05,family_a_W5,1e-01-1e+00,614,0.021644913376261832
HeLiPR,riverside05,central,0e+00-1e-03,3501,0.10084422490530981
HeLiPR,riverside05,central,1e-03-5e-03,1831,0.07830102236285094
HeLiPR,riverside05,central,5e-03-2e-02,644,0.04537726404438423
HeLiPR,riverside05,central,2e-02-1e-01,635,0.04989060070272348
HeLiPR,riverside05,central,1e-01-1e+00,1940,0.005144051425536659
HeLiPR,riverside05,family_a_W5,0e+00-1e-03,3501,0.03573286731005911
HeLiPR,riverside05,family_a_W5,1e-03-5e-03,1831,0.029274027472974293
HeLiPR,riverside05,family_a_W5,5e-03-2e-02,644,0.021590250297725638
HeLiPR,riverside05,family_a_W5,2e-02-1e-01,635,0.024332588855540717
HeLiPR,riverside05,family_a_W5,1e-01-1e+00,1940,0.005959737545035773
HeLiPR,roundabout01,central,0e+00-1e-03,3521,0.028921549207837474
HeLiPR,roundabout01,central,1e-03-5e-03,4550,0.02567960484269802
HeLiPR,roundabout01,central,5e-03-2e-02,4138,0.023590429207241234
HeLiPR,roundabout01,central,2e-02-1e-01,3498,0.02159839822979454
HeLiPR,roundabout01,central,1e-01-1e+00,11589,0.00805346254833659
HeLiPR,roundabout01,family_a_W5,0e+00-1e-03,3521,0.025905388984489835
HeLiPR,roundabout01,family_a_W5,1e-03-5e-03,4550,0.022552404234929248
HeLiPR,roundabout01,family_a_W5,5e-03-2e-02,4138,0.01855590990514387
HeLiPR,roundabout01,family_a_W5,2e-02-1e-01,3498,0.021925126907653827
HeLiPR,roundabout01,family_a_W5,1e-01-1e+00,11589,0.008150001592816558
HeLiPR,town01,central,0e+00-1e-03,2422,0.039997528597918226
HeLiPR,town01,central,1e-03-5e-03,5009,0.03076975096997916
HeLiPR,town01,central,5e-03-2e-02,5826,0.02809706834909203
HeLiPR,town01,central,2e-02-1e-01,4629,0.027207597025663683
HeLiPR,town01,central,1e-01-1e+00,6254,0.01541871032791026
HeLiPR,town01,family_a_W5,0e+00-1e-03,2422,0.023317461134734457
HeLiPR,town01,family_a_W5,1e-03-5e-03,5009,0.02323665928598435
HeLiPR,town01,family_a_W5,5e-03-2e-02,5826,0.027734560750448726
HeLiPR,town01,family_a_W5,2e-02-1e-01,4629,0.027291247501069406
HeLiPR,town01,family_a_W5,1e-01-1e+00,6254,0.015590258297235211
Oxford,2014-11-11-11-06-25_rtk,central,0e+00-1e-03,4661,0.3470594065030564
Oxford,2014-11-11-11-06-25_rtk,central,1e-03-5e-03,5430,0.32434540582541166
Oxford,2014-11-11-11-06-25_rtk,central,5e-03-2e-02,3115,0.2673647753914604
Oxford,2014-11-11-11-06-25_rtk,central,2e-02-1e-01,2235,0.20973779048824065
Oxford,2014-11-11-11-06-25_rtk,central,1e-01-1e+00,3320,0.06680981082848858
Oxford,2014-11-11-11-06-25_rtk,family_a_W5,0e+00-1e-03,4661,0.2173606135637144
Oxford,2014-11-11-11-06-25_rtk,family_a_W5,1e-03-5e-03,5430,0.20611900869054847
Oxford,2014-11-11-11-06-25_rtk,family_a_W5,5e-03-2e-02,3115,0.1676617488614541
Oxford,2014-11-11-11-06-25_rtk,family_a_W5,2e-02-1e-01,2235,0.1324636585731914
Oxford,2014-11-11-11-06-25_rtk,family_a_W5,1e-01-1e+00,3320,0.043246017413870186
Oxford,2014-12-05-11-09-10_rtk,central,0e+00-1e-03,1139,0.3751061861888283
Oxford,2014-12-05-11-09-10_rtk,central,1e-03-5e-03,818,0.5763764333898829
Oxford,2014-12-05-11-09-10_rtk,central,5e-03-2e-02,243,0.4258848858489199
Oxford,2014-12-05-11-09-10_rtk,central,2e-02-1e-01,221,0.27697086258158615
Oxford,2014-12-05-11-09-10_rtk,central,1e-01-1e+00,519,0.10289723918395834
Oxford,2014-12-05-11-09-10_rtk,family_a_W5,0e+00-1e-03,1139,0.22703526884404482
Oxford,2014-12-05-11-09-10_rtk,family_a_W5,1e-03-5e-03,818,0.33798555625790294
Oxford,2014-12-05-11-09-10_rtk,family_a_W5,5e-03-2e-02,243,0.2550049917612803
Oxford,2014-12-05-11-09-10_rtk,family_a_W5,2e-02-1e-01,221,0.18147119159894656
Oxford,2014-12-05-11-09-10_rtk,family_a_W5,1e-01-1e+00,519,0.05851134352707764
Oxford,2015-02-13-09-16-26_rtk,central,0e+00-1e-03,4589,0.4534933792230929
Oxford,2015-02-13-09-16-26_rtk,central,1e-03-5e-03,6495,0.46183066364686404
Oxford,2015-02-13-09-16-26_rtk,central,5e-03-2e-02,3568,0.3626904758509981
Oxford,2015-02-13-09-16-26_rtk,central,2e-02-1e-01,2646,0.27451204539333063
Oxford,2015-02-13-09-16-26_rtk,central,1e-01-1e+00,4803,0.07088263756025026
Oxford,2015-02-13-09-16-26_rtk,family_a_W5,0e+00-1e-03,4589,0.26891286132492853
Oxford,2015-02-13-09-16-26_rtk,family_a_W5,1e-03-5e-03,6495,0.2773719596474476
Oxford,2015-02-13-09-16-26_rtk,family_a_W5,5e-03-2e-02,3568,0.2200227029829965
Oxford,2015-02-13-09-16-26_rtk,family_a_W5,2e-02-1e-01,2646,0.16407157370597714
Oxford,2015-02-13-09-16-26_rtk,family_a_W5,1e-01-1e+00,4803,0.04104320186068681
Oxford,2015-03-24-13-47-33_rtk,central,0e+00-1e-03,4671,0.2974759726713203
Oxford,2015-03-24-13-47-33_rtk,central,1e-03-5e-03,6689,0.2979565590166454
Oxford,2015-03-24-13-47-33_rtk,central,5e-03-2e-02,3686,0.22971736020539918
Oxford,2015-03-24-13-47-33_rtk,central,2e-02-1e-01,2809,0.17090622641010805
Oxford,2015-03-24-13-47-33_rtk,central,1e-01-1e+00,4466,0.0486613572390582
Oxford,2015-03-24-13-47-33_rtk,family_a_W5,0e+00-1e-03,4671,0.19503095648082286
Oxford,2015-03-24-13-47-33_rtk,family_a_W5,1e-03-5e-03,6689,0.1920172196311138
Oxford,2015-03-24-13-47-33_rtk,family_a_W5,5e-03-2e-02,3686,0.14519284776798425
Oxford,2015-03-24-13-47-33_rtk,family_a_W5,2e-02-1e-01,2809,0.10913502997999634
Oxford,2015-03-24-13-47-33_rtk,family_a_W5,1e-01-1e+00,4466,0.03491445875504353
Oxford,2015-05-19-14-06-38_rtk,central,0e+00-1e-03,4715,0.313213343122065
Oxford,2015-05-19-14-06-38_rtk,central,1e-03-5e-03,5891,0.29757951608083966
Oxford,2015-05-19-14-06-38_rtk,central,5e-03-2e-02,3540,0.23795830848052268
Oxford,2015-05-19-14-06-38_rtk,central,2e-02-1e-01,2925,0.1764757510550374
Oxford,2015-05-19-14-06-38_rtk,central,1e-01-1e+00,5000,0.04742673763873837
Oxford,2015-05-19-14-06-38_rtk,family_a_W5,0e+00-1e-03,4715,0.1984155247666875
Oxford,2015-05-19-14-06-38_rtk,family_a_W5,1e-03-5e-03,5891,0.18715055166941236
Oxford,2015-05-19-14-06-38_rtk,family_a_W5,5e-03-2e-02,3540,0.14942909700286458
Oxford,2015-05-19-14-06-38_rtk,family_a_W5,2e-02-1e-01,2925,0.11143137523941811
Oxford,2015-05-19-14-06-38_rtk,family_a_W5,1e-01-1e+00,5000,0.0317572666818101
Oxford,2015-07-08-13-37-17_rtk,central,0e+00-1e-03,5546,0.46269681643505367
Oxford,2015-07-08-13-37-17_rtk,central,1e-03-5e-03,5457,0.4900808443402332
Oxford,2015-07-08-13-37-17_rtk,central,5e-03-2e-02,3319,0.3583247350923071
Oxford,2015-07-08-13-37-17_rtk,central,2e-02-1e-01,3220,0.2612066609677181
Oxford,2015-07-08-13-37-17_rtk,central,1e-01-1e+00,9629,0.062158179576443685
Oxford,2015-07-08-13-37-17_rtk,family_a_W5,0e+00-1e-03,5546,0.28017114230568624
Oxford,2015-07-08-13-37-17_rtk,family_a_W5,1e-03-5e-03,5457,0.2910330458575002
Oxford,2015-07-08-13-37-17_rtk,family_a_W5,5e-03-2e-02,3319,0.21884458403947168
Oxford,2015-07-08-13-37-17_rtk,family_a_W5,2e-02-1e-01,3220,0.14792950829796495
Oxford,2015-07-08-13-37-17_rtk,family_a_W5,1e-01-1e+00,9629,0.04256955468385442
Oxford,2015-08-12-15-04-18_rtk,central,0e+00-1e-03,5560,0.39774150619979154
Oxford,2015-08-12-15-04-18_rtk,central,1e-03-5e-03,6835,0.42962336950125585
Oxford,2015-08-12-15-04-18_rtk,central,5e-03-2e-02,3815,0.34935480498661725
Oxford,2015-08-12-15-04-18_rtk,central,2e-02-1e-01,2965,0.2575157785288919
Oxford,2015-08-12-15-04-18_rtk,central,1e-01-1e+00,3736,0.08903911513560303
Oxford,2015-08-12-15-04-18_rtk,family_a_W5,0e+00-1e-03,5560,0.23719227180215866
Oxford,2015-08-12-15-04-18_rtk,family_a_W5,1e-03-5e-03,6835,0.25550295370360726
Oxford,2015-08-12-15-04-18_rtk,family_a_W5,5e-03-2e-02,3815,0.2119775401888254
Oxford,2015-08-12-15-04-18_rtk,family_a_W5,2e-02-1e-01,2965,0.15593113673991843
Oxford,2015-08-12-15-04-18_rtk,family_a_W5,1e-01-1e+00,3736,0.052553772046236624
Oxford,2015-08-17-13-30-19_rtk,central,0e+00-1e-03,2461,0.28672762903617827
Oxford,2015-08-17-13-30-19_rtk,central,1e-03-5e-03,4485,0.18929457781750994
Oxford,2015-08-17-13-30-19_rtk,central,5e-03-2e-02,2856,0.21744535206435758
Oxford,2015-08-17-13-30-19_rtk,central,2e-02-1e-01,2154,0.18197066473341125
Oxford,2015-08-17-13-30-19_rtk,central,1e-01-1e+00,3095,0.1069021921165528
Oxford,2015-08-17-13-30-19_rtk,family_a_W5,0e+00-1e-03,2461,0.23298642031334785
Oxford,2015-08-17-13-30-19_rtk,family_a_W5,1e-03-5e-03,4485,0.1451563094618222
Oxford,2015-08-17-13-30-19_rtk,family_a_W5,5e-03-2e-02,2856,0.19154548528365703
Oxford,2015-08-17-13-30-19_rtk,family_a_W5,2e-02-1e-01,2154,0.16201000781793343
Oxford,2015-08-17-13-30-19_rtk,family_a_W5,1e-01-1e+00,3095,0.1054004163972551
Oxford,2015-08-27-16-07-13_rtk,central,0e+00-1e-03,11667,0.3018332461199386
Oxford,2015-08-27-16-07-13_rtk,central,1e-03-5e-03,5856,0.4897176113758103
Oxford,2015-08-27-16-07-13_rtk,central,5e-03-2e-02,3897,0.3726448643750029
Oxford,2015-08-27-16-07-13_rtk,central,2e-02-1e-01,3170,0.2780354150323401
Oxford,2015-08-27-16-07-13_rtk,central,1e-01-1e+00,3010,0.1016291538017214
Oxford,2015-08-27-16-07-13_rtk,family_a_W5,0e+00-1e-03,11667,0.1781844883242813
Oxford,2015-08-27-16-07-13_rtk,family_a_W5,1e-03-5e-03,5856,0.2961728641731049
Oxford,2015-08-27-16-07-13_rtk,family_a_W5,5e-03-2e-02,3897,0.22183383876951768
Oxford,2015-08-27-16-07-13_rtk,family_a_W5,2e-02-1e-01,3170,0.16636188527748938
Oxford,2015-08-27-16-07-13_rtk,family_a_W5,1e-01-1e+00,3010,0.05934923288432562
Oxford,2015-11-02-10-45-59_rtk,central,0e+00-1e-03,5861,1.42797469699474
Oxford,2015-11-02-10-45-59_rtk,central,1e-03-5e-03,7012,0.15229145376700046
Oxford,2015-11-02-10-45-59_rtk,central,5e-03-2e-02,4526,0.07918997004326848
Oxford,2015-11-02-10-45-59_rtk,central,2e-02-1e-01,4075,0.05219348182816923
Oxford,2015-11-02-10-45-59_rtk,central,1e-01-1e+00,8457,0.01661819425972421
Oxford,2015-11-02-10-45-59_rtk,family_a_W5,0e+00-1e-03,5861,1.2606015753615476
Oxford,2015-11-02-10-45-59_rtk,family_a_W5,1e-03-5e-03,7012,0.12432645788215868
Oxford,2015-11-02-10-45-59_rtk,family_a_W5,5e-03-2e-02,4526,0.08277798260270985
Oxford,2015-11-02-10-45-59_rtk,family_a_W5,2e-02-1e-01,4075,0.16109630012571532
Oxford,2015-11-02-10-45-59_rtk,family_a_W5,1e-01-1e+00,8457,0.028050895159366762
Oxford,2015-11-12-11-22-05_rtk,central,0e+00-1e-03,4184,0.5075420230574655
Oxford,2015-11-12-11-22-05_rtk,central,1e-03-5e-03,6227,0.4853360881978795
Oxford,2015-11-12-11-22-05_rtk,central,5e-03-2e-02,3694,0.3415850902553485
Oxford,2015-11-12-11-22-05_rtk,central,2e-02-1e-01,2936,0.2753943565839482
Oxford,2015-11-12-11-22-05_rtk,central,1e-01-1e+00,4660,0.08181785161346777
Oxford,2015-11-12-11-22-05_rtk,family_a_W5,0e+00-1e-03,4184,0.30028685434263974
Oxford,2015-11-12-11-22-05_rtk,family_a_W5,1e-03-5e-03,6227,0.2935262327025726
Oxford,2015-11-12-11-22-05_rtk,family_a_W5,5e-03-2e-02,3694,0.19830920433314686
Oxford,2015-11-12-11-22-05_rtk,family_a_W5,2e-02-1e-01,2936,0.16646029893010145
Oxford,2015-11-12-11-22-05_rtk,family_a_W5,1e-01-1e+00,4660,0.05006321890248179
nuScenes,scene-0001,central,0e+00-1e-03,36,0.10642956040242185
nuScenes,scene-0001,central,1e-03-5e-03,61,0.11898079137901522
nuScenes,scene-0001,central,5e-03-2e-02,67,0.10276991784189506
nuScenes,scene-0001,central,2e-02-1e-01,26,0.11086248280333515
nuScenes,scene-0001,family_a_W5,0e+00-1e-03,36,0.09330087830557426
nuScenes,scene-0001,family_a_W5,1e-03-5e-03,61,0.11140128250897151
nuScenes,scene-0001,family_a_W5,5e-03-2e-02,67,0.09433154111648145
nuScenes,scene-0001,family_a_W5,2e-02-1e-01,26,0.10330850939577554
nuScenes,scene-0053,central,0e+00-1e-03,28,0.2567363427304198
nuScenes,scene-0053,central,1e-03-5e-03,26,0.25490658192919635
nuScenes,scene-0053,central,5e-03-2e-02,137,0.24483602257441617
nuScenes,scene-0053,family_a_W5,0e+00-1e-03,28,0.2502995120467165
nuScenes,scene-0053,family_a_W5,1e-03-5e-03,26,0.2547462031973795
nuScenes,scene-0053,family_a_W5,5e-03-2e-02,137,0.24119218765001985
nuScenes,scene-0103,central,0e+00-1e-03,68,0.16936329237891615
nuScenes,scene-0103,central,1e-03-5e-03,91,0.1725930979430643
nuScenes,scene-0103,central,5e-03-2e-02,35,0.20461165401956632
nuScenes,scene-0103,family_a_W5,0e+00-1e-03,68,0.16209696961308978
nuScenes,scene-0103,family_a_W5,1e-03-5e-03,91,0.171788267237612
nuScenes,scene-0103,family_a_W5,5e-03-2e-02,35,0.20030049545493314
nuScenes,scene-0158,central,0e+00-1e-03,20,0.16527657421909517
nuScenes,scene-0158,central,1e-03-5e-03,48,0.13133960328607022
nuScenes,scene-0158,central,5e-03-2e-02,46,0.07764909727578932
nuScenes,scene-0158,central,2e-02-1e-01,42,0.05753486991077006
nuScenes,scene-0158,central,1e-01-1e+00,37,0.027091351512692197
nuScenes,scene-0158,family_a_W5,0e+00-1e-03,20,0.16001919710065715
nuScenes,scene-0158,family_a_W5,1e-03-5e-03,48,0.1269364043587609
nuScenes,scene-0158,family_a_W5,5e-03-2e-02,46,0.06888111702709461
nuScenes,scene-0158,family_a_W5,2e-02-1e-01,42,0.05307620826630077
nuScenes,scene-0158,family_a_W5,1e-01-1e+00,37,0.027824792821800223
nuScenes,scene-0234,central,0e+00-1e-03,43,0.037838282683469296
nuScenes,scene-0234,central,1e-03-5e-03,32,0.10467692339598142
nuScenes,scene-0234,central,5e-03-2e-02,39,0.16706002687297525
nuScenes,scene-0234,central,2e-02-1e-01,74,0.10517356125073248
nuScenes,scene-0234,family_a_W5,0e+00-1e-03,43,0.02939322104292273
nuScenes,scene-0234,family_a_W5,1e-03-5e-03,32,0.0815140396956013
nuScenes,scene-0234,family_a_W5,5e-03-2e-02,39,0.16315794175990778
nuScenes,scene-0234,family_a_W5,2e-02-1e-01,74,0.09864767948420852
nuScenes,scene-0285,central,0e+00-1e-03,67,0.15443247660742862
nuScenes,scene-0285,central,1e-03-5e-03,93,0.17091074873913467
nuScenes,scene-0285,central,5e-03-2e-02,35,0.1698100913559459
nuScenes,scene-0285,family_a_W5,0e+00-1e-03,67,0.13739479888660955
nuScenes,scene-0285,family_a_W5,1e-03-5e-03,93,0.16267965118487912
nuScenes,scene-0285,family_a_W5,5e-03-2e-02,35,0.1554652405678627
nuScenes,scene-0347,central,0e+00-1e-03,24,0.21374840590637634
nuScenes,scene-0347,central,1e-03-5e-03,54,0.18157881608324092
nuScenes,scene-0347,central,5e-03-2e-02,72,0.13434087652255658
nuScenes,scene-0347,central,2e-02-1e-01,20,0.10907099908570649
nuScenes,scene-0347,central,1e-01-1e+00,20,0.07441814317898005
nuScenes,scene-0347,family_a_W5,0e+00-1e-03,24,0.19631764032775945
nuScenes,scene-0347,family_a_W5,1e-03-5e-03,54,0.1797343384307384
nuScenes,scene-0347,family_a_W5,5e-03-2e-02,72,0.11695184637400206
nuScenes,scene-0347,family_a_W5,2e-02-1e-01,20,0.07491351286538946
nuScenes,scene-0347,family_a_W5,1e-01-1e+00,20,0.07578890723292228
nuScenes,scene-0398,central,0e+00-1e-03,28,0.1057647275605655
nuScenes,scene-0398,central,1e-03-5e-03,64,0.10549170625299938
nuScenes,scene-0398,central,5e-03-2e-02,61,0.17999416240135435
nuScenes,scene-0398,central,2e-02-1e-01,43,0.12493297555127036
nuScenes,scene-0398,family_a_W5,0e+00-1e-03,28,0.09934460782099377
nuScenes,scene-0398,family_a_W5,1e-03-5e-03,64,0.09345210005223546
nuScenes,scene-0398,family_a_W5,5e-03-2e-02,61,0.17442891375927716
nuScenes,scene-0398,family_a_W5,2e-02-1e-01,43,0.12449262441013492
nuScenes,scene-0450,central,0e+00-1e-03,49,0.24471513322902042
nuScenes,scene-0450,central,1e-03-5e-03,67,0.2475484264810837
nuScenes,scene-0450,central,5e-03-2e-02,54,0.16397534796908028
nuScenes,scene-0450,central,2e-02-1e-01,25,0.11537137342334464
nuScenes,scene-0450,family_a_W5,0e+00-1e-03,49,0.2393007391287704
nuScenes,scene-0450,family_a_W5,1e-03-5e-03,67,0.23442961205902121
nuScenes,scene-0450,family_a_W5,5e-03-2e-02,54,0.15392773037445637
nuScenes,scene-0450,family_a_W5,2e-02-1e-01,25,0.11574327056243346
nuScenes,scene-0505,central,0e+00-1e-03,135,0.19662654250093112
nuScenes,scene-0505,central,1e-03-5e-03,58,0.20225853633258833
nuScenes,scene-0505,family_a_W5,0e+00-1e-03,135,0.19171644714049008
nuScenes,scene-0505,family_a_W5,1e-03-5e-03,58,0.19275964112889915
nuScenes,scene-0557,central,5e-03-2e-02,82,0.15050087115040453
nuScenes,scene-0557,central,2e-02-1e-01,22,0.1601529702439753
nuScenes,scene-0557,central,1e-01-1e+00,71,0.024386990127419635
nuScenes,scene-0557,family_a_W5,5e-03-2e-02,82,0.14310078014124686
nuScenes,scene-0557,family_a_W5,2e-02-1e-01,22,0.149178573400222
nuScenes,scene-0557,family_a_W5,1e-01-1e+00,71,0.0177997584875912
nuScenes,scene-0612,central,0e+00-1e-03,65,0.12532589220768503
nuScenes,scene-0612,central,1e-03-5e-03,65,0.1392779636466709
nuScenes,scene-0612,central,5e-03-2e-02,21,0.11687705847827931
nuScenes,scene-0612,central,2e-02-1e-01,47,0.09067957964192147
nuScenes,scene-0612,family_a_W5,0e+00-1e-03,65,0.12057946822956706
nuScenes,scene-0612,family_a_W5,1e-03-5e-03,65,0.13239045353284642
nuScenes,scene-0612,family_a_W5,5e-03-2e-02,21,0.1034185125364516
nuScenes,scene-0612,family_a_W5,2e-02-1e-01,47,0.08309913564321682
nuScenes,scene-0664,central,0e+00-1e-03,20,0.3375716777220281
nuScenes,scene-0664,central,1e-03-5e-03,85,0.27852176784618465
nuScenes,scene-0664,central,5e-03-2e-02,54,0.1636170593566816
nuScenes,scene-0664,central,2e-02-1e-01,40,0.10068065272315398
nuScenes,scene-0664,family_a_W5,0e+00-1e-03,20,0.32188589025214676
nuScenes,scene-0664,family_a_W5,1e-03-5e-03,85,0.26040155708755097
nuScenes,scene-0664,family_a_W5,5e-03-2e-02,54,0.139921951719577
nuScenes,scene-0664,family_a_W5,2e-02-1e-01,40,0.08558769427075534
nuScenes,scene-0730,central,0e+00-1e-03,67,0.15359609267052432
nuScenes,scene-0730,central,1e-03-5e-03,69,0.18635720303550216
nuScenes,scene-0730,central,1e-01-1e+00,49,0.1441746830982883
nuScenes,scene-0730,family_a_W5,0e+00-1e-03,67,0.14417451859422148
nuScenes,scene-0730,family_a_W5,1e-03-5e-03,69,0.1788654203832277
nuScenes,scene-0730,family_a_W5,1e-01-1e+00,49,0.13410966996558338
nuScenes,scene-0798,central,0e+00-1e-03,97,0.19114196995818541
nuScenes,scene-0798,central,1e-03-5e-03,74,0.2199333802412837
nuScenes,scene-0798,family_a_W5,0e+00-1e-03,97,0.1815912767446964
nuScenes,scene-0798,family_a_W5,1e-03-5e-03,74,0.21254176292716542
nuScenes,scene-0860,central,0e+00-1e-03,37,0.09016983827518421
nuScenes,scene-0860,central,1e-03-5e-03,47,0.10552281351509378
nuScenes,scene-0860,central,1e-01-1e+00,94,0.028085598052578212
nuScenes,scene-0860,family_a_W5,0e+00-1e-03,37,0.08834961013870882
nuScenes,scene-0860,family_a_W5,1e-03-5e-03,47,0.09122651948143289
nuScenes,scene-0860,family_a_W5,1e-01-1e+00,94,0.027161494436336413
nuScenes,scene-0914,central,0e+00-1e-03,44,0.08327380991005266
nuScenes,scene-0914,central,1e-03-5e-03,62,0.09923586709518364
nuScenes,scene-0914,central,5e-03-2e-02,44,0.14068055842732935
nuScenes,scene-0914,central,2e-02-1e-01,47,0.09789505662010707
nuScenes,scene-0914,family_a_W5,0e+00-1e-03,44,0.06809386816184888
nuScenes,scene-0914,family_a_W5,1e-03-5e-03,62,0.09615655442998909
nuScenes,scene-0914,family_a_W5,5e-03-2e-02,44,0.13747279599200896
nuScenes,scene-0914,family_a_W5,2e-02-1e-01,47,0.09241619222743157
nuScenes,scene-0977,central,0e+00-1e-03,195,3.0549313529443776e-05
nuScenes,scene-0977,family_a_W5,0e+00-1e-03,195,2.6291472538116315e-05
nuScenes,scene-1031,central,0e+00-1e-03,134,0.20192157919187156
nuScenes,scene-1031,central,1e-03-5e-03,65,0.18206606489939664
nuScenes,scene-1031,family_a_W5,0e+00-1e-03,134,0.1916708363145518
nuScenes,scene-1031,family_a_W5,1e-03-5e-03,65,0.17892832121030508
nuScenes,scene-1081,central,0e+00-1e-03,22,0.2611862657530051
nuScenes,scene-1081,central,1e-03-5e-03,57,0.16636100458079497
nuScenes,scene-1081,central,5e-03-2e-02,64,0.1337990875253714
nuScenes,scene-1081,central,1e-01-1e+00,51,0.03136139138443085
nuScenes,scene-1081,family_a_W5,0e+00-1e-03,22,0.2574215753597926
nuScenes,scene-1081,family_a_W5,1e-03-5e-03,57,0.15267632898183112
nuScenes,scene-1081,family_a_W5,5e-03-2e-02,64,0.13160604350925859
nuScenes,scene-1081,family_a_W5,1e-01-1e+00,51,0.03596512332707459
KITTI raw,2011_09_30_drive_0028_sync,central,0e+00-1e-03,1052,0.15744324335873747
KITTI raw,2011_09_30_drive_0028_sync,central,1e-03-5e-03,1745,0.6215220044494879
KITTI raw,2011_09_30_drive_0028_sync,central,5e-03-2e-02,1055,0.8139125917830298
KITTI raw,2011_09_30_drive_0028_sync,central,2e-02-1e-01,962,0.6535303651433068
KITTI raw,2011_09_30_drive_0028_sync,central,1e-01-1e+00,363,0.41817566668820394
KITTI raw,2011_09_30_drive_0028_sync,family_a_W5,0e+00-1e-03,1052,0.15875844802718697
KITTI raw,2011_09_30_drive_0028_sync,family_a_W5,1e-03-5e-03,1745,0.6039234919885117
KITTI raw,2011_09_30_drive_0028_sync,family_a_W5,5e-03-2e-02,1055,0.7550705851073006
KITTI raw,2011_09_30_drive_0028_sync,family_a_W5,2e-02-1e-01,962,0.648522937057486
KITTI raw,2011_09_30_drive_0028_sync,family_a_W5,1e-01-1e+00,363,0.4100347252638569
KITTI raw,2011_10_03_drive_0027_sync,central,0e+00-1e-03,1019,0.15937453561338746
KITTI raw,2011_10_03_drive_0027_sync,central,1e-03-5e-03,1630,0.08825830078520748
KITTI raw,2011_10_03_drive_0027_sync,central,5e-03-2e-02,828,0.12573493556635587
KITTI raw,2011_10_03_drive_0027_sync,central,2e-02-1e-01,663,0.17537909764112575
KITTI raw,2011_10_03_drive_0027_sync,central,1e-01-1e+00,404,0.16978962756139165
KITTI raw,2011_10_03_drive_0027_sync,family_a_W5,0e+00-1e-03,1019,0.16228309538443886
KITTI raw,2011_10_03_drive_0027_sync,family_a_W5,1e-03-5e-03,1630,0.08646209796092333
KITTI raw,2011_10_03_drive_0027_sync,family_a_W5,5e-03-2e-02,828,0.12568296319140923
KITTI raw,2011_10_03_drive_0027_sync,family_a_W5,2e-02-1e-01,663,0.16399449245511766
KITTI raw,2011_10_03_drive_0027_sync,family_a_W5,1e-01-1e+00,404,0.1547439955687011
KITTI raw,2011_10_03_drive_0034_sync,central,0e+00-1e-03,1040,0.09478629841883295
KITTI raw,2011_10_03_drive_0034_sync,central,1e-03-5e-03,1776,0.0829680483774732
KITTI raw,2011_10_03_drive_0034_sync,central,5e-03-2e-02,1051,0.10228767825521247
KITTI raw,2011_10_03_drive_0034_sync,central,2e-02-1e-01,719,0.12446224523201355
KITTI raw,2011_10_03_drive_0034_sync,central,1e-01-1e+00,77,0.11101235836330584
KITTI raw,2011_10_03_drive_0034_sync,family_a_W5,0e+00-1e-03,1040,0.09506907554116993
KITTI raw,2011_10_03_drive_0034_sync,family_a_W5,1e-03-5e-03,1776,0.08306332848718358
KITTI raw,2011_10_03_drive_0034_sync,family_a_W5,5e-03-2e-02,1051,0.09613486172350975
KITTI raw,2011_10_03_drive_0034_sync,family_a_W5,2e-02-1e-01,719,0.12111230744985692
KITTI raw,2011_10_03_drive_0034_sync,family_a_W5,1e-01-1e+00,77,0.10999492753362758
KITTI-360,2013_05_28_drive_0000_extract,central,0e+00-1e-03,2293,0.04897875961377354
KITTI-360,2013_05_28_drive_0000_extract,central,1e-03-5e-03,4056,0.055267694947316516
KITTI-360,2013_05_28_drive_0000_extract,central,5e-03-2e-02,2303,0.12531217469620765
KITTI-360,2013_05_28_drive_0000_extract,central,2e-02-1e-01,1868,0.20164325101352573
KITTI-360,2013_05_28_drive_0000_extract,central,1e-01-1e+00,1520,0.5798989949312086
KITTI-360,2013_05_28_drive_0000_extract,family_a_W5,0e+00-1e-03,2293,0.04887522203338451
KITTI-360,2013_05_28_drive_0000_extract,family_a_W5,1e-03-5e-03,4056,0.05463500915706525
KITTI-360,2013_05_28_drive_0000_extract,family_a_W5,5e-03-2e-02,2303,0.1249756994294234
KITTI-360,2013_05_28_drive_0000_extract,family_a_W5,2e-02-1e-01,1868,0.20165838017079984
KITTI-360,2013_05_28_drive_0000_extract,family_a_W5,1e-01-1e+00,1520,0.5798410976841671
KITTI-360,2013_05_28_drive_0002_extract,central,0e+00-1e-03,3011,0.7799932388897723
KITTI-360,2013_05_28_drive_0002_extract,central,1e-03-5e-03,5450,0.6776433575791833
KITTI-360,2013_05_28_drive_0002_extract,central,5e-03-2e-02,4828,0.8228557692468838
KITTI-360,2013_05_28_drive_0002_extract,central,2e-02-1e-01,4267,0.5050987670689358
KITTI-360,2013_05_28_drive_0002_extract,central,1e-01-1e+00,2577,0.8445325003669395
KITTI-360,2013_05_28_drive_0002_extract,family_a_W5,0e+00-1e-03,3011,0.779509909431535
KITTI-360,2013_05_28_drive_0002_extract,family_a_W5,1e-03-5e-03,5450,0.6825786233683921
KITTI-360,2013_05_28_drive_0002_extract,family_a_W5,5e-03-2e-02,4828,0.814589008176604
KITTI-360,2013_05_28_drive_0002_extract,family_a_W5,2e-02-1e-01,4267,0.5057588341917462
KITTI-360,2013_05_28_drive_0002_extract,family_a_W5,1e-01-1e+00,2577,0.8432429698387091
KITTI-360,2013_05_28_drive_0003_extract,central,0e+00-1e-03,331,0.030859660928361038
KITTI-360,2013_05_28_drive_0003_extract,central,1e-03-5e-03,413,0.048096913710684745
KITTI-360,2013_05_28_drive_0003_extract,central,5e-03-2e-02,161,0.07624265043806373
KITTI-360,2013_05_28_drive_0003_extract,central,2e-02-1e-01,154,0.07335090400432587
KITTI-360,2013_05_28_drive_0003_extract,central,1e-01-1e+00,25,0.08953819356581395
KITTI-360,2013_05_28_drive_0003_extract,family_a_W5,0e+00-1e-03,331,0.030266890833575106
KITTI-360,2013_05_28_drive_0003_extract,family_a_W5,1e-03-5e-03,413,0.04628045923982208
KITTI-360,2013_05_28_drive_0003_extract,family_a_W5,5e-03-2e-02,161,0.07649088632950682
KITTI-360,2013_05_28_drive_0003_extract,family_a_W5,2e-02-1e-01,154,0.07353213429470155
KITTI-360,2013_05_28_drive_0003_extract,family_a_W5,1e-01-1e+00,25,0.08908211897644638
KITTI-360,2013_05_28_drive_0004_extract,central,0e+00-1e-03,2667,0.5560846434832448
KITTI-360,2013_05_28_drive_0004_extract,central,1e-03-5e-03,3818,0.4817446482331324
KITTI-360,2013_05_28_drive_0004_extract,central,5e-03-2e-02,2752,0.5981852337529321
KITTI-360,2013_05_28_drive_0004_extract,central,2e-02-1e-01,1813,0.6470853187013681
KITTI-360,2013_05_28_drive_0004_extract,central,1e-01-1e+00,1066,0.8192290939432431
KITTI-360,2013_05_28_drive_0004_extract,family_a_W5,0e+00-1e-03,2667,0.5560544851348436
KITTI-360,2013_05_28_drive_0004_extract,family_a_W5,1e-03-5e-03,3818,0.48177456695115334
KITTI-360,2013_05_28_drive_0004_extract,family_a_W5,5e-03-2e-02,2752,0.5981110597302444
KITTI-360,2013_05_28_drive_0004_extract,family_a_W5,2e-02-1e-01,1813,0.6471437445105112
KITTI-360,2013_05_28_drive_0004_extract,family_a_W5,1e-01-1e+00,1066,0.8192407444454184
KITTI-360,2013_05_28_drive_0005_extract,central,0e+00-1e-03,850,0.05957182747427565
KITTI-360,2013_05_28_drive_0005_extract,central,1e-03-5e-03,2095,0.06304400174933404
KITTI-360,2013_05_28_drive_0005_extract,central,5e-03-2e-02,1698,0.07188684932117083
KITTI-360,2013_05_28_drive_0005_extract,central,2e-02-1e-01,1464,0.3317902870675272
KITTI-360,2013_05_28_drive_0005_extract,central,1e-01-1e+00,948,0.43095779705736187
KITTI-360,2013_05_28_drive_0005_extract,family_a_W5,0e+00-1e-03,850,0.058656944578294734
KITTI-360,2013_05_28_drive_0005_extract,family_a_W5,1e-03-5e-03,2095,0.06286429708485965
KITTI-360,2013_05_28_drive_0005_extract,family_a_W5,5e-03-2e-02,1698,0.0716441172217299
KITTI-360,2013_05_28_drive_0005_extract,family_a_W5,2e-02-1e-01,1464,0.33178600338671105
KITTI-360,2013_05_28_drive_0005_extract,family_a_W5,1e-01-1e+00,948,0.43075177168528567
KITTI-360,2013_05_28_drive_0006_extract,central,0e+00-1e-03,1479,0.06592348079139367
KITTI-360,2013_05_28_drive_0006_extract,central,1e-03-5e-03,3271,0.08421592820806424
KITTI-360,2013_05_28_drive_0006_extract,central,5e-03-2e-02,2643,0.09624740394356758
KITTI-360,2013_05_28_drive_0006_extract,central,2e-02-1e-01,1481,0.22951635039462734
KITTI-360,2013_05_28_drive_0006_extract,central,1e-01-1e+00,1269,0.9460890599414506
KITTI-360,2013_05_28_drive_0006_extract,family_a_W5,0e+00-1e-03,1479,0.06483829352209128
KITTI-360,2013_05_28_drive_0006_extract,family_a_W5,1e-03-5e-03,3271,0.08359905547316285
KITTI-360,2013_05_28_drive_0006_extract,family_a_W5,5e-03-2e-02,2643,0.09579737294045314
KITTI-360,2013_05_28_drive_0006_extract,family_a_W5,2e-02-1e-01,1481,0.2294258867549458
KITTI-360,2013_05_28_drive_0006_extract,family_a_W5,1e-01-1e+00,1269,0.9458073303029972
KITTI-360,2013_05_28_drive_0007_extract,central,0e+00-1e-03,1703,0.05133372835549392
KITTI-360,2013_05_28_drive_0007_extract,central,1e-03-5e-03,926,0.06391737304695119
KITTI-360,2013_05_28_drive_0007_extract,central,5e-03-2e-02,264,0.11445068060228702
KITTI-360,2013_05_28_drive_0007_extract,central,2e-02-1e-01,385,0.14716582513290147
KITTI-360,2013_05_28_drive_0007_extract,central,1e-01-1e+00,275,0.079730439095388
KITTI-360,2013_05_28_drive_0007_extract,family_a_W5,0e+00-1e-03,1703,0.050979541547302054
KITTI-360,2013_05_28_drive_0007_extract,family_a_W5,1e-03-5e-03,926,0.06371686576625811
KITTI-360,2013_05_28_drive_0007_extract,family_a_W5,5e-03-2e-02,264,0.11216115287175805
KITTI-360,2013_05_28_drive_0007_extract,family_a_W5,2e-02-1e-01,385,0.14666283834507157
KITTI-360,2013_05_28_drive_0007_extract,family_a_W5,1e-01-1e+00,275,0.0797178155225811
KITTI-360,2013_05_28_drive_0008_extract,central,0e+00-1e-03,1627,0.057776384508969256
KITTI-360,2013_05_28_drive_0008_extract,central,1e-03-5e-03,2955,0.07600821720124423
KITTI-360,2013_05_28_drive_0008_extract,central,5e-03-2e-02,2252,0.110339524140756
KITTI-360,2013_05_28_drive_0008_extract,central,2e-02-1e-01,1276,0.1699241906197614
KITTI-360,2013_05_28_drive_0008_extract,central,1e-01-1e+00,1127,0.16632022769378876
KITTI-360,2013_05_28_drive_0008_extract,family_a_W5,0e+00-1e-03,1627,0.05754403142948522
KITTI-360,2013_05_28_drive_0008_extract,family_a_W5,1e-03-5e-03,2955,0.07610196894193241
KITTI-360,2013_05_28_drive_0008_extract,family_a_W5,5e-03-2e-02,2252,0.10547399965905407
KITTI-360,2013_05_28_drive_0008_extract,family_a_W5,2e-02-1e-01,1276,0.17046742291514191
KITTI-360,2013_05_28_drive_0008_extract,family_a_W5,1e-01-1e+00,1127,0.16692101521407454
KITTI-360,2013_05_28_drive_0009_extract,central,0e+00-1e-03,2662,0.13057515716670695
KITTI-360,2013_05_28_drive_0009_extract,central,1e-03-5e-03,5137,0.11067822119276867
KITTI-360,2013_05_28_drive_0009_extract,central,5e-03-2e-02,2884,0.2502918001028627
KITTI-360,2013_05_28_drive_0009_extract,central,2e-02-1e-01,2582,0.2610720505733353
KITTI-360,2013_05_28_drive_0009_extract,central,1e-01-1e+00,1400,0.12018940846440437
KITTI-360,2013_05_28_drive_0009_extract,family_a_W5,0e+00-1e-03,2662,0.12948385613842353
KITTI-360,2013_05_28_drive_0009_extract,family_a_W5,1e-03-5e-03,5137,0.11002862377763734
KITTI-360,2013_05_28_drive_0009_extract,family_a_W5,5e-03-2e-02,2884,0.2500631548189708
KITTI-360,2013_05_28_drive_0009_extract,family_a_W5,2e-02-1e-01,2582,0.2608001788836487
KITTI-360,2013_05_28_drive_0009_extract,family_a_W5,1e-01-1e+00,1400,0.11899742397860255
KITTI-360,2013_05_28_drive_0010_extract,central,0e+00-1e-03,1143,0.08664126036407695
KITTI-360,2013_05_28_drive_0010_extract,central,1e-03-5e-03,1100,0.139138004758756
KITTI-360,2013_05_28_drive_0010_extract,central,5e-03-2e-02,612,0.18990689932912666
KITTI-360,2013_05_28_drive_0010_extract,central,2e-02-1e-01,316,0.3300467758111658
KITTI-360,2013_05_28_drive_0010_extract,central,1e-01-1e+00,832,0.4081659512458304
KITTI-360,2013_05_28_drive_0010_extract,family_a_W5,0e+00-1e-03,1143,0.08629568098273052
KITTI-360,2013_05_28_drive_0010_extract,family_a_W5,1e-03-5e-03,1100,0.13432476336980348
KITTI-360,2013_05_28_drive_0010_extract,family_a_W5,5e-03-2e-02,612,0.18734953187495276
KITTI-360,2013_05_28_drive_0010_extract,family_a_W5,2e-02-1e-01,316,0.32822361077244117
KITTI-360,2013_05_28_drive_0010_extract,family_a_W5,1e-01-1e+00,832,0.40728651158868673
Boreas,boreas-2020-11-26-13-58,central,0e+00-1e-03,4391,0.008695589145939367
Boreas,boreas-2020-11-26-13-58,central,1e-03-5e-03,2935,0.012238743006021163
Boreas,boreas-2020-11-26-13-58,central,5e-03-2e-02,2103,0.01293597154623787
Boreas,boreas-2020-11-26-13-58,central,2e-02-1e-01,1087,0.010431445923831146
Boreas,boreas-2020-11-26-13-58,central,1e-01-1e+00,239,0.009700595158218892
Boreas,boreas-2020-11-26-13-58,family_a_W5,0e+00-1e-03,4391,0.017818761567087345
Boreas,boreas-2020-11-26-13-58,family_a_W5,1e-03-5e-03,2935,0.026048291859306023
Boreas,boreas-2020-11-26-13-58,family_a_W5,5e-03-2e-02,2103,0.028395269035696766
Boreas,boreas-2020-11-26-13-58,family_a_W5,2e-02-1e-01,1087,0.02201305581092226
Boreas,boreas-2020-11-26-13-58,family_a_W5,1e-01-1e+00,239,0.013325594709773127
Boreas,boreas-2021-06-17-17-52,central,0e+00-1e-03,6064,0.008096196997660541
Boreas,boreas-2021-06-17-17-52,central,1e-03-5e-03,3081,0.013915890636636518
Boreas,boreas-2021-06-17-17-52,central,5e-03-2e-02,2004,0.014893027166941823
Boreas,boreas-2021-06-17-17-52,central,2e-02-1e-01,1106,0.011818254944028094
Boreas,boreas-2021-06-17-17-52,central,1e-01-1e+00,494,0.009151868773830467
Boreas,boreas-2021-06-17-17-52,family_a_W5,0e+00-1e-03,6064,0.01587302866263003
Boreas,boreas-2021-06-17-17-52,family_a_W5,1e-03-5e-03,3081,0.029065012574297704
Boreas,boreas-2021-06-17-17-52,family_a_W5,5e-03-2e-02,2004,0.0291120755076798
Boreas,boreas-2021-06-17-17-52,family_a_W5,2e-02-1e-01,1106,0.024553030648550207
Boreas,boreas-2021-06-17-17-52,family_a_W5,1e-01-1e+00,494,0.015360224601196893
Boreas,boreas-2021-09-02-11-42,central,0e+00-1e-03,4065,0.009687897330681032
Boreas,boreas-2021-09-02-11-42,central,1e-03-5e-03,2823,0.014196271561663889
Boreas,boreas-2021-09-02-11-42,central,5e-03-2e-02,2267,0.013030589851373946
Boreas,boreas-2021-09-02-11-42,central,2e-02-1e-01,1168,0.010383347575193842
Boreas,boreas-2021-09-02-11-42,central,1e-01-1e+00,413,0.00839950616344354
Boreas,boreas-2021-09-02-11-42,family_a_W5,0e+00-1e-03,4065,0.018521963687038727
Boreas,boreas-2021-09-02-11-42,family_a_W5,1e-03-5e-03,2823,0.028954631093500095
Boreas,boreas-2021-09-02-11-42,family_a_W5,5e-03-2e-02,2267,0.028004275603667955
Boreas,boreas-2021-09-02-11-42,family_a_W5,2e-02-1e-01,1168,0.021786517437740648
Boreas,boreas-2021-09-02-11-42,family_a_W5,1e-01-1e+00,413,0.015061972395770116
Pit30M,00682fa6_00,central,0e+00-1e-03,1140,0.00506752654761229
Pit30M,00682fa6_00,central,1e-03-5e-03,310,0.006757174297189153
Pit30M,00682fa6_00,central,5e-03-2e-02,325,0.004200686218456138
Pit30M,00682fa6_00,central,2e-02-1e-01,128,0.005818242424144664
Pit30M,00682fa6_00,central,1e-01-1e+00,475,0.0028571410180364657
Pit30M,00682fa6_00,family_a_W5,0e+00-1e-03,1140,0.011515808124342405
Pit30M,00682fa6_00,family_a_W5,1e-03-5e-03,310,0.00659447838440278
Pit30M,00682fa6_00,family_a_W5,5e-03-2e-02,325,0.009519794554927406
Pit30M,00682fa6_00,family_a_W5,2e-02-1e-01,128,0.00913431312101481
Pit30M,00682fa6_00,family_a_W5,1e-01-1e+00,475,0.0035640286828849538
Pit30M,00682fa6_01,central,0e+00-1e-03,738,0.0036835049275941558
Pit30M,00682fa6_01,central,1e-03-5e-03,431,0.005210605375482801
Pit30M,00682fa6_01,central,5e-03-2e-02,171,0.006720552944129105
Pit30M,00682fa6_01,central,2e-02-1e-01,72,0.0034028758341745607
Pit30M,00682fa6_01,central,1e-01-1e+00,257,0.001647619723172885
Pit30M,00682fa6_01,family_a_W5,0e+00-1e-03,738,0.008173366575214084
Pit30M,00682fa6_01,family_a_W5,1e-03-5e-03,431,0.01018420498818722
Pit30M,00682fa6_01,family_a_W5,5e-03-2e-02,171,0.010477033211865229
Pit30M,00682fa6_01,family_a_W5,2e-02-1e-01,72,0.006593244617185526
Pit30M,00682fa6_01,family_a_W5,1e-01-1e+00,257,0.0035630404243942363
Pit30M,00682fa6_02,central,0e+00-1e-03,1803,0.009702077330352735
Pit30M,00682fa6_02,central,1e-03-5e-03,1003,0.012754567954403478
Pit30M,00682fa6_02,central,5e-03-2e-02,375,0.005754262676156125
Pit30M,00682fa6_02,central,2e-02-1e-01,465,0.005341275734594102
Pit30M,00682fa6_02,central,1e-01-1e+00,1239,0.0024273362045272814
Pit30M,00682fa6_02,family_a_W5,0e+00-1e-03,1803,0.012589283925025398
Pit30M,00682fa6_02,family_a_W5,1e-03-5e-03,1003,0.01530187271133712
Pit30M,00682fa6_02,family_a_W5,5e-03-2e-02,375,0.009057351148022573
Pit30M,00682fa6_02,family_a_W5,2e-02-1e-01,465,0.009977971746823747
Pit30M,00682fa6_02,family_a_W5,1e-01-1e+00,1239,0.00607067321512601
Pit30M,00682fa6_03,central,5e-03-2e-02,26,0.0012697757417128685
Pit30M,00682fa6_03,central,2e-02-1e-01,72,0.0019541402389107033
Pit30M,00682fa6_03,central,1e-01-1e+00,3206,0.0006908490004057648
Pit30M,00682fa6_03,family_a_W5,5e-03-2e-02,26,0.00327876310672025
Pit30M,00682fa6_03,family_a_W5,2e-02-1e-01,72,0.005289019920095683
Pit30M,00682fa6_03,family_a_W5,1e-01-1e+00,3206,0.001572110752230481
Pit30M,00a05077_00,central,0e+00-1e-03,532,0.005647762969189221
Pit30M,00a05077_00,central,1e-03-5e-03,298,0.005287792095056167
Pit30M,00a05077_00,central,5e-03-2e-02,101,0.0021375985462675907
Pit30M,00a05077_00,central,2e-02-1e-01,28,0.0013621690900184424
Pit30M,00a05077_00,central,1e-01-1e+00,458,0.0007512628406454493
Pit30M,00a05077_00,family_a_W5,0e+00-1e-03,532,0.01467500319824405
Pit30M,00a05077_00,family_a_W5,1e-03-5e-03,298,0.014713657713610872
Pit30M,00a05077_00,family_a_W5,5e-03-2e-02,101,0.0051776947634245675
Pit30M,00a05077_00,family_a_W5,2e-02-1e-01,28,0.003143576541644679
Pit30M,00a05077_00,family_a_W5,1e-01-1e+00,458,0.001480320533656084
Pit30M,00a05077_01,central,0e+00-1e-03,2981,0.023419196650499643
Pit30M,00a05077_01,central,1e-03-5e-03,1595,0.0186853424671834
Pit30M,00a05077_01,central,5e-03-2e-02,443,0.011280371218731723
Pit30M,00a05077_01,central,2e-02-1e-01,190,0.005255934287314746
Pit30M,00a05077_01,central,1e-01-1e+00,4393,0.0010825795283475664
Pit30M,00a05077_01,family_a_W5,0e+00-1e-03,2981,0.027138143650625817
Pit30M,00a05077_01,family_a_W5,1e-03-5e-03,1595,0.02446047576724403
Pit30M,00a05077_01,family_a_W5,5e-03-2e-02,443,0.016267499506301235
Pit30M,00a05077_01,family_a_W5,2e-02-1e-01,190,0.0144070333896903
Pit30M,00a05077_01,family_a_W5,1e-01-1e+00,4393,0.002730473308913083
Pit30M,00a05077_02,central,0e+00-1e-03,249,0.007107677396680855
Pit30M,00a05077_02,family_a_W5,0e+00-1e-03,249,0.015575164148445205
Pit30M,00a05077_03,central,0e+00-1e-03,3470,0.015243932212487139
Pit30M,00a05077_03,central,1e-03-5e-03,1909,0.014298161959310008
Pit30M,00a05077_03,central,5e-03-2e-02,1052,0.011935420847326024
Pit30M,00a05077_03,central,2e-02-1e-01,1497,0.015824270612009948
Pit30M,00a05077_03,central,1e-01-1e+00,13623,0.00157872612347814
Pit30M,00a05077_03,family_a_W5,0e+00-1e-03,3470,0.021441943123511806
Pit30M,00a05077_03,family_a_W5,1e-03-5e-03,1909,0.02281943611147831
Pit30M,00a05077_03,family_a_W5,5e-03-2e-02,1052,0.01945460430375509
Pit30M,00a05077_03,family_a_W5,2e-02-1e-01,1497,0.021515669730736885
Pit30M,00a05077_03,family_a_W5,1e-01-1e+00,13623,0.0035508039657565194
Pit30M,00a05077_04,central,0e+00-1e-03,418,0.04164551143940625
Pit30M,00a05077_04,central,1e-03-5e-03,389,0.027163124986805568
Pit30M,00a05077_04,central,5e-03-2e-02,397,0.024426988282756485
Pit30M,00a05077_04,central,2e-02-1e-01,150,0.014887743183116893
Pit30M,00a05077_04,central,1e-01-1e+00,150,0.01651058488231681
Pit30M,00a05077_04,family_a_W5,0e+00-1e-03,418,0.04420958513030156
Pit30M,00a05077_04,family_a_W5,1e-03-5e-03,389,0.0361237334645223
Pit30M,00a05077_04,family_a_W5,5e-03-2e-02,397,0.02686226894375332
Pit30M,00a05077_04,family_a_W5,2e-02-1e-01,150,0.016237619978526057
Pit30M,00a05077_04,family_a_W5,1e-01-1e+00,150,0.021913157017038772
Pit30M,0106abc2_00,central,0e+00-1e-03,5524,0.019727882919263792
Pit30M,0106abc2_00,central,1e-03-5e-03,3154,0.017566238353542284
Pit30M,0106abc2_00,central,5e-03-2e-02,558,0.0055100081860825455
Pit30M,0106abc2_00,central,2e-02-1e-01,334,0.007222841464815691
Pit30M,0106abc2_00,central,1e-01-1e+00,1686,0.0011217957460675112
Pit30M,0106abc2_00,family_a_W5,0e+00-1e-03,5524,0.020807034026379876
Pit30M,0106abc2_00,family_a_W5,1e-03-5e-03,3154,0.018646199633522847
Pit30M,0106abc2_00,family_a_W5,5e-03-2e-02,558,0.009534212073111666
Pit30M,0106abc2_00,family_a_W5,2e-02-1e-01,334,0.011915669847560255
Pit30M,0106abc2_00,family_a_W5,1e-01-1e+00,1686,0.0025978819514471214
Pit30M,0106abc2_01,central,0e+00-1e-03,529,0.004625511908040541
Pit30M,0106abc2_01,central,1e-03-5e-03,81,0.0028032080033189672
Pit30M,0106abc2_01,central,2e-02-1e-01,21,0.0037920039644304287
Pit30M,0106abc2_01,family_a_W5,0e+00-1e-03,529,0.009456182956132155
Pit30M,0106abc2_01,family_a_W5,1e-03-5e-03,81,0.0056852947099872994
Pit30M,0106abc2_01,family_a_W5,2e-02-1e-01,21,0.010149331872756049
Pit30M,017be362_00,central,0e+00-1e-03,307,0.006126045303407529
Pit30M,017be362_00,central,1e-03-5e-03,360,0.005208361378969993
Pit30M,017be362_00,central,5e-03-2e-02,231,0.006021831269628328
Pit30M,017be362_00,central,2e-02-1e-01,215,0.007225394134000427
Pit30M,017be362_00,central,1e-01-1e+00,2264,0.0012675376108008446
Pit30M,017be362_00,family_a_W5,0e+00-1e-03,307,0.01106487703848477
Pit30M,017be362_00,family_a_W5,1e-03-5e-03,360,0.009067474651142375
Pit30M,017be362_00,family_a_W5,5e-03-2e-02,231,0.011340676178558587
Pit30M,017be362_00,family_a_W5,2e-02-1e-01,215,0.017338426040744318
Pit30M,017be362_00,family_a_W5,1e-01-1e+00,2264,0.0029677169984738388
Pit30M,017be362_01,central,0e+00-1e-03,53,0.008510825460532192
Pit30M,017be362_01,central,1e-03-5e-03,35,0.008489151638775887
Pit30M,017be362_01,central,5e-03-2e-02,35,0.0022646866245912634
Pit30M,017be362_01,central,2e-02-1e-01,30,0.004941228056336823
Pit30M,017be362_01,family_a_W5,0e+00-1e-03,53,0.023580888499741524
Pit30M,017be362_01,family_a_W5,1e-03-5e-03,35,0.009021667756337535
Pit30M,017be362_01,family_a_W5,5e-03-2e-02,35,0.006370866840289966
Pit30M,017be362_01,family_a_W5,2e-02-1e-01,30,0.00971389528391108
Pit30M,017be362_02,central,0e+00-1e-03,517,0.004570654441978848
Pit30M,017be362_02,central,1e-03-5e-03,452,0.006669377064223928
Pit30M,017be362_02,central,5e-03-2e-02,158,0.004459143413226497
Pit30M,017be362_02,central,2e-02-1e-01,165,0.004084242683732667
Pit30M,017be362_02,central,1e-01-1e+00,1059,0.002590958842423735
Pit30M,017be362_02,family_a_W5,0e+00-1e-03,517,0.010068727005144416
Pit30M,017be362_02,family_a_W5,1e-03-5e-03,452,0.012929639354066682
Pit30M,017be362_02,family_a_W5,5e-03-2e-02,158,0.011325119310030078
Pit30M,017be362_02,family_a_W5,2e-02-1e-01,165,0.013775795749975034
Pit30M,017be362_02,family_a_W5,1e-01-1e+00,1059,0.006666632012820009
Pit30M,017be362_03,central,0e+00-1e-03,152,0.0037387879074834668
Pit30M,017be362_03,central,1e-03-5e-03,204,0.004676113883791722
Pit30M,017be362_03,central,2e-02-1e-01,24,0.004164832350321413
Pit30M,017be362_03,central,1e-01-1e+00,29,0.005709093594237586
Pit30M,017be362_03,family_a_W5,0e+00-1e-03,152,0.007796283388169824
Pit30M,017be362_03,family_a_W5,1e-03-5e-03,204,0.0072339011291006556
Pit30M,017be362_03,family_a_W5,2e-02-1e-01,24,0.007817531815334514
Pit30M,017be362_03,family_a_W5,1e-01-1e+00,29,0.012694620013981231
Pit30M,017be362_04,central,0e+00-1e-03,742,0.004465363293405584
Pit30M,017be362_04,central,1e-03-5e-03,988,0.004502062339194514
Pit30M,017be362_04,central,5e-03-2e-02,346,0.005854004909120788
Pit30M,017be362_04,central,2e-02-1e-01,402,0.004903082071285862
Pit30M,017be362_04,central,1e-01-1e+00,1075,0.0027331833385361207
Pit30M,017be362_04,family_a_W5,0e+00-1e-03,742,0.010074776375054205
Pit30M,017be362_04,family_a_W5,1e-03-5e-03,988,0.009150179460401519
Pit30M,017be362_04,family_a_W5,5e-03-2e-02,346,0.01004842285072359
Pit30M,017be362_04,family_a_W5,2e-02-1e-01,402,0.01172634869258737
Pit30M,017be362_04,family_a_W5,1e-01-1e+00,1075,0.0070418678191702545
Pit30M,017be362_05,central,0e+00-1e-03,3373,0.0069091425160019895
Pit30M,017be362_05,central,1e-03-5e-03,2193,0.007559588839650234
Pit30M,017be362_05,central,5e-03-2e-02,987,0.006481137376009142
Pit30M,017be362_05,central,2e-02-1e-01,914,0.005175335070394848
Pit30M,017be362_05,central,1e-01-1e+00,3869,0.0021029601916470186
Pit30M,017be362_05,family_a_W5,0e+00-1e-03,3373,0.01039294063177817
Pit30M,017be362_05,family_a_W5,1e-03-5e-03,2193,0.011323787326859463
Pit30M,017be362_05,family_a_W5,5e-03-2e-02,987,0.012146741939278078
Pit30M,017be362_05,family_a_W5,2e-02-1e-01,914,0.011289582510131574
Pit30M,017be362_05,family_a_W5,1e-01-1e+00,3869,0.005117555197566159
Pit30M,017be362_06,central,0e+00-1e-03,99,0.002553458942381588
Pit30M,017be362_06,central,1e-03-5e-03,206,0.0026018479064145853
Pit30M,017be362_06,central,5e-03-2e-02,134,0.004811835784344854
Pit30M,017be362_06,central,2e-02-1e-01,144,0.0035316202396648796
Pit30M,017be362_06,central,1e-01-1e+00,92,0.004132694731134228
Pit30M,017be362_06,family_a_W5,0e+00-1e-03,99,0.006528850769450939
Pit30M,017be362_06,family_a_W5,1e-03-5e-03,206,0.005827707748825593
Pit30M,017be362_06,family_a_W5,5e-03-2e-02,134,0.007396621267535357
Pit30M,017be362_06,family_a_W5,2e-02-1e-01,144,0.006179298998531195
Pit30M,017be362_06,family_a_W5,1e-01-1e+00,92,0.010980590190740278
Pit30M,017be362_07,central,0e+00-1e-03,578,0.010020641925315819
Pit30M,017be362_07,central,1e-03-5e-03,665,0.009573088277377524
Pit30M,017be362_07,central,5e-03-2e-02,244,0.009633614041615168
Pit30M,017be362_07,central,2e-02-1e-01,374,0.007055985632087411
Pit30M,017be362_07,central,1e-01-1e+00,5206,0.0012636622261844592
Pit30M,017be362_07,family_a_W5,0e+00-1e-03,578,0.014204972703812883
Pit30M,017be362_07,family_a_W5,1e-03-5e-03,665,0.01373266001216968
Pit30M,017be362_07,family_a_W5,5e-03-2e-02,244,0.016278478524586058
Pit30M,017be362_07,family_a_W5,2e-02-1e-01,374,0.011424551876047533
Pit30M,017be362_07,family_a_W5,1e-01-1e+00,5206,0.0023531208367862126
Pit30M,01959149_00,central,0e+00-1e-03,7136,0.0069620899430772884
Pit30M,01959149_00,central,1e-03-5e-03,2414,0.007232096136442202
Pit30M,01959149_00,central,5e-03-2e-02,959,0.006905239597979549
Pit30M,01959149_00,central,2e-02-1e-01,499,0.0050090446790102385
Pit30M,01959149_00,central,1e-01-1e+00,1641,0.0019563924053225975
Pit30M,01959149_00,family_a_W5,0e+00-1e-03,7136,0.011761032787701183
Pit30M,01959149_00,family_a_W5,1e-03-5e-03,2414,0.011686708362958733
Pit30M,01959149_00,family_a_W5,5e-03-2e-02,959,0.010004868715507105
Pit30M,01959149_00,family_a_W5,2e-02-1e-01,499,0.012154727323091278
Pit30M,01959149_00,family_a_W5,1e-01-1e+00,1641,0.005173150818254407
Pit30M,01959149_01,central,0e+00-1e-03,848,0.0038636153833684433
Pit30M,01959149_01,central,1e-03-5e-03,344,0.00576412146965599
Pit30M,01959149_01,central,5e-03-2e-02,497,0.006440128057021314
Pit30M,01959149_01,central,2e-02-1e-01,56,0.007592632845615278
Pit30M,01959149_01,central,1e-01-1e+00,81,0.004890871509215042
Pit30M,01959149_01,family_a_W5,0e+00-1e-03,848,0.005651888935573987
Pit30M,01959149_01,family_a_W5,1e-03-5e-03,344,0.008045965303445608
Pit30M,01959149_01,family_a_W5,5e-03-2e-02,497,0.007606194822804913
Pit30M,01959149_01,family_a_W5,2e-02-1e-01,56,0.008896718522946876
Pit30M,01959149_01,family_a_W5,1e-01-1e+00,81,0.009322388096035954
Pit30M,01959149_02,central,1e-03-5e-03,23,0.011397580289418218
Pit30M,01959149_02,central,5e-03-2e-02,57,0.02011767404788486
Pit30M,01959149_02,central,2e-02-1e-01,48,0.013134593494082032
Pit30M,01959149_02,central,1e-01-1e+00,52,0.006269403538771691
Pit30M,01959149_02,family_a_W5,1e-03-5e-03,23,0.013848796746299007
Pit30M,01959149_02,family_a_W5,5e-03-2e-02,57,0.017871371931763427
Pit30M,01959149_02,family_a_W5,2e-02-1e-01,48,0.016639144574513477
Pit30M,01959149_02,family_a_W5,1e-01-1e+00,52,0.007727938043261119
Pit30M,01959149_03,central,0e+00-1e-03,667,0.010169451423081132
Pit30M,01959149_03,central,1e-03-5e-03,749,0.007879581731104028
Pit30M,01959149_03,central,5e-03-2e-02,252,0.006444423492866238
Pit30M,01959149_03,central,2e-02-1e-01,170,0.007864569855943098
Pit30M,01959149_03,central,1e-01-1e+00,234,0.0037613052905661488
Pit30M,01959149_03,family_a_W5,0e+00-1e-03,667,0.012727456477266166
Pit30M,01959149_03,family_a_W5,1e-03-5e-03,749,0.012256363990774392
Pit30M,01959149_03,family_a_W5,5e-03-2e-02,252,0.0108824822140099
Pit30M,01959149_03,family_a_W5,2e-02-1e-01,170,0.013073359012370892
Pit30M,01959149_03,family_a_W5,1e-01-1e+00,234,0.008380853894374214
Pit30M,01959149_04,central,0e+00-1e-03,34,0.005147374081166378
Pit30M,01959149_04,central,1e-03-5e-03,73,0.006961321019512213
Pit30M,01959149_04,central,5e-03-2e-02,72,0.008085182814831452
Pit30M,01959149_04,central,1e-01-1e+00,30,0.0011913966519526405
Pit30M,01959149_04,family_a_W5,0e+00-1e-03,34,0.013562164413687279
Pit30M,01959149_04,family_a_W5,1e-03-5e-03,73,0.014749827983470774
Pit30M,01959149_04,family_a_W5,5e-03-2e-02,72,0.006739180998690053
Pit30M,01959149_04,family_a_W5,1e-01-1e+00,30,0.0031066717370507014
Pit30M,01959149_05,central,0e+00-1e-03,3640,0.00851684945353481
Pit30M,01959149_05,central,1e-03-5e-03,819,0.006795011044527907
Pit30M,01959149_05,central,5e-03-2e-02,446,0.00555286694198179
Pit30M,01959149_05,central,2e-02-1e-01,226,0.004015247533259288
Pit30M,01959149_05,central,1e-01-1e+00,689,0.0019442435706605863
Pit30M,01959149_05,family_a_W5,0e+00-1e-03,3640,0.011432753662911606
Pit30M,01959149_05,family_a_W5,1e-03-5e-03,819,0.011179132310132196
Pit30M,01959149_05,family_a_W5,5e-03-2e-02,446,0.009200228477922979
Pit30M,01959149_05,family_a_W5,2e-02-1e-01,226,0.009799912720530178
Pit30M,01959149_05,family_a_W5,1e-01-1e+00,689,0.004654757940526018
Pit30M,01959149_06,central,0e+00-1e-03,3850,0.0050350940255196016
Pit30M,01959149_06,central,1e-03-5e-03,1100,0.00409477483123595
Pit30M,01959149_06,central,5e-03-2e-02,548,0.004901566093279541
Pit30M,01959149_06,central,2e-02-1e-01,375,0.0038764106274047465
Pit30M,01959149_06,central,1e-01-1e+00,1152,0.0013847147414436307
Pit30M,01959149_06,family_a_W5,0e+00-1e-03,3850,0.011445407683444814
Pit30M,01959149_06,family_a_W5,1e-03-5e-03,1100,0.0100279128542453
Pit30M,01959149_06,family_a_W5,5e-03-2e-02,548,0.010732381966792003
Pit30M,01959149_06,family_a_W5,2e-02-1e-01,375,0.009629745075860367
Pit30M,01959149_06,family_a_W5,1e-01-1e+00,1152,0.0033019337755121644
Pit30M,01959149_07,central,0e+00-1e-03,1804,0.006895944830679411
Pit30M,01959149_07,central,1e-03-5e-03,511,0.007836997910519991
Pit30M,01959149_07,central,5e-03-2e-02,401,0.0054656440264090125
Pit30M,01959149_07,central,2e-02-1e-01,438,0.005143065822523287
Pit30M,01959149_07,central,1e-01-1e+00,1913,0.001218049390121363
Pit30M,01959149_07,family_a_W5,0e+00-1e-03,1804,0.010158736280679412
Pit30M,01959149_07,family_a_W5,1e-03-5e-03,511,0.013024481781432897
Pit30M,01959149_07,family_a_W5,5e-03-2e-02,401,0.008620974956150426
Pit30M,01959149_07,family_a_W5,2e-02-1e-01,438,0.012369534261152065
Pit30M,01959149_07,family_a_W5,1e-01-1e+00,1913,0.0027621342571596684
Pit30M,01d09d4c_00,central,0e+00-1e-03,59,0.01892831380530737
Pit30M,01d09d4c_00,central,1e-03-5e-03,56,0.005644286991128839
Pit30M,01d09d4c_00,central,5e-03-2e-02,25,0.008475840755006346
Pit30M,01d09d4c_00,central,2e-02-1e-01,49,0.006706563801561943
Pit30M,01d09d4c_00,central,1e-01-1e+00,110,0.0019951499325633953
Pit30M,01d09d4c_00,family_a_W5,0e+00-1e-03,59,0.019287771053958624
Pit30M,01d09d4c_00,family_a_W5,1e-03-5e-03,56,0.0074385575657635065
Pit30M,01d09d4c_00,family_a_W5,5e-03-2e-02,25,0.0087103712583515
Pit30M,01d09d4c_00,family_a_W5,2e-02-1e-01,49,0.008471090571400166
Pit30M,01d09d4c_00,family_a_W5,1e-01-1e+00,110,0.003186652730784873
Pit30M,01d09d4c_01,central,0e+00-1e-03,5446,0.008796047786345544
Pit30M,01d09d4c_01,central,1e-03-5e-03,1561,0.006416975649230474
Pit30M,01d09d4c_01,central,5e-03-2e-02,569,0.00730783262214702
Pit30M,01d09d4c_01,central,2e-02-1e-01,435,0.007057627531046996
Pit30M,01d09d4c_01,central,1e-01-1e+00,3462,0.0013628810617974077
Pit30M,01d09d4c_01,family_a_W5,0e+00-1e-03,5446,0.012937449542025551
Pit30M,01d09d4c_01,family_a_W5,1e-03-5e-03,1561,0.01345880065137479
Pit30M,01d09d4c_01,family_a_W5,5e-03-2e-02,569,0.012551592567156176
Pit30M,01d09d4c_01,family_a_W5,2e-02-1e-01,435,0.014276636063931156
Pit30M,01d09d4c_01,family_a_W5,1e-01-1e+00,3462,0.0035106039760820656
Pit30M,01e21524_00,central,0e+00-1e-03,101,0.0017783444186735917
Pit30M,01e21524_00,central,1e-03-5e-03,285,0.0019941865699104424
Pit30M,01e21524_00,central,5e-03-2e-02,353,0.0028702272685571257
Pit30M,01e21524_00,central,2e-02-1e-01,370,0.0025569670473903072
Pit30M,01e21524_00,central,1e-01-1e+00,292,0.0022438759015018174
Pit30M,01e21524_00,family_a_W5,0e+00-1e-03,101,0.0032778893705410653
Pit30M,01e21524_00,family_a_W5,1e-03-5e-03,285,0.003974017529330312
Pit30M,01e21524_00,family_a_W5,5e-03-2e-02,353,0.00411317129702246
Pit30M,01e21524_00,family_a_W5,2e-02-1e-01,370,0.005282268482608434
Pit30M,01e21524_00,family_a_W5,1e-01-1e+00,292,0.004235002786685468
Pit30M,01e21524_01,central,0e+00-1e-03,44,0.0025203189458909347
Pit30M,01e21524_01,central,1e-03-5e-03,220,0.0033613420727625267
Pit30M,01e21524_01,central,5e-03-2e-02,203,0.00418655330071437
Pit30M,01e21524_01,central,2e-02-1e-01,126,0.004212892281567735
Pit30M,01e21524_01,central,1e-01-1e+00,49,0.002476438447005
Pit30M,01e21524_01,family_a_W5,0e+00-1e-03,44,0.0050292286468970205
Pit30M,01e21524_01,family_a_W5,1e-03-5e-03,220,0.007083081344973147
Pit30M,01e21524_01,family_a_W5,5e-03-2e-02,203,0.010371082128953303
Pit30M,01e21524_01,family_a_W5,2e-02-1e-01,126,0.010293169027002076
Pit30M,01e21524_01,family_a_W5,1e-01-1e+00,49,0.005728104453318683
Pit30M,01e21524_02,central,0e+00-1e-03,39,0.0027802380379357214
Pit30M,01e21524_02,central,1e-03-5e-03,154,0.003834117507238204
Pit30M,01e21524_02,central,5e-03-2e-02,182,0.004845677606038061
Pit30M,01e21524_02,central,2e-02-1e-01,253,0.0032337693306699433
Pit30M,01e21524_02,central,1e-01-1e+00,391,0.0014978304393074523
Pit30M,01e21524_02,family_a_W5,0e+00-1e-03,39,0.006059571020378537
Pit30M,01e21524_02,family_a_W5,1e-03-5e-03,154,0.0075948233297766605
Pit30M,01e21524_02,family_a_W5,5e-03-2e-02,182,0.010400522151359757
Pit30M,01e21524_02,family_a_W5,2e-02-1e-01,253,0.006805445160221162
Pit30M,01e21524_02,family_a_W5,1e-01-1e+00,391,0.003091765148300828
Pit30M,01e21524_03,central,0e+00-1e-03,34,0.0026350427681670566
Pit30M,01e21524_03,central,1e-03-5e-03,183,0.002646269529228148
Pit30M,01e21524_03,central,5e-03-2e-02,121,0.004623392672680838
Pit30M,01e21524_03,central,2e-02-1e-01,149,0.003887411452476496
Pit30M,01e21524_03,family_a_W5,0e+00-1e-03,34,0.007356703660835637
Pit30M,01e21524_03,family_a_W5,1e-03-5e-03,183,0.006950574855063379
Pit30M,01e21524_03,family_a_W5,5e-03-2e-02,121,0.008096682658924744
Pit30M,01e21524_03,family_a_W5,2e-02-1e-01,149,0.008170103074936838
Pit30M,01e21524_04,central,0e+00-1e-03,100,0.005288293624431209
Pit30M,01e21524_04,central,1e-03-5e-03,163,0.003337755921448219
Pit30M,01e21524_04,central,5e-03-2e-02,82,0.003994495102906827
Pit30M,01e21524_04,central,2e-02-1e-01,194,0.003790990762712875
Pit30M,01e21524_04,central,1e-01-1e+00,79,0.0038137472760374214
Pit30M,01e21524_04,family_a_W5,0e+00-1e-03,100,0.006035487731768442
Pit30M,01e21524_04,family_a_W5,1e-03-5e-03,163,0.006990296941205943
Pit30M,01e21524_04,family_a_W5,5e-03-2e-02,82,0.005646803826202381
Pit30M,01e21524_04,family_a_W5,2e-02-1e-01,194,0.006170797855320481
Pit30M,01e21524_04,family_a_W5,1e-01-1e+00,79,0.007842592344281153
Pit30M,01e21524_05,central,1e-03-5e-03,46,0.007557472929319634
Pit30M,01e21524_05,central,5e-03-2e-02,64,0.0031664280043180873
Pit30M,01e21524_05,family_a_W5,1e-03-5e-03,46,0.014132385533594314
Pit30M,01e21524_05,family_a_W5,5e-03-2e-02,64,0.008277588413116595
Pit30M,01e21524_06,central,0e+00-1e-03,1424,0.005158891826318993
Pit30M,01e21524_06,central,1e-03-5e-03,1096,0.0051001124857852735
Pit30M,01e21524_06,central,5e-03-2e-02,612,0.006635525637080175
Pit30M,01e21524_06,central,2e-02-1e-01,276,0.0036320236299456445
Pit30M,01e21524_06,central,1e-01-1e+00,2466,0.000868274557436343
Pit30M,01e21524_06,family_a_W5,0e+00-1e-03,1424,0.008428514619770412
Pit30M,01e21524_06,family_a_W5,1e-03-5e-03,1096,0.009286736671353778
Pit30M,01e21524_06,family_a_W5,5e-03-2e-02,612,0.009181532452987324
Pit30M,01e21524_06,family_a_W5,2e-02-1e-01,276,0.007012032665837891
Pit30M,01e21524_06,family_a_W5,1e-01-1e+00,2466,0.0021131070930400985
Pit30M,01e21524_07,central,0e+00-1e-03,138,0.008425903157357913
Pit30M,01e21524_07,central,1e-03-5e-03,74,0.0030306379844521514
Pit30M,01e21524_07,central,1e-01-1e+00,296,0.0007949282922501842
Pit30M,01e21524_07,family_a_W5,0e+00-1e-03,138,0.016171037158885713
Pit30M,01e21524_07,family_a_W5,1e-03-5e-03,74,0.005135004984875985
Pit30M,01e21524_07,family_a_W5,1e-01-1e+00,296,0.0016133648615248687
Pit30M,01e21524_08,central,0e+00-1e-03,1287,0.005786814797974988
Pit30M,01e21524_08,central,1e-03-5e-03,981,0.00516560069521082
Pit30M,01e21524_08,central,5e-03-2e-02,435,0.005583110555120589
Pit30M,01e21524_08,central,2e-02-1e-01,428,0.0030720945162817943
Pit30M,01e21524_08,central,1e-01-1e+00,2606,0.0010845724122976726
Pit30M,01e21524_08,family_a_W5,0e+00-1e-03,1287,0.010900149444265227
Pit30M,01e21524_08,family_a_W5,1e-03-5e-03,981,0.008077896310695437
Pit30M,01e21524_08,family_a_W5,5e-03-2e-02,435,0.007465318470430564
Pit30M,01e21524_08,family_a_W5,2e-02-1e-01,428,0.006668485470845734
Pit30M,01e21524_08,family_a_W5,1e-01-1e+00,2606,0.002600993831409604
Pit30M,01e21524_09,central,0e+00-1e-03,668,0.006012131759973468
Pit30M,01e21524_09,central,1e-03-5e-03,112,0.004679116207267042
Pit30M,01e21524_09,central,5e-03-2e-02,67,0.00637872201162339
Pit30M,01e21524_09,central,2e-02-1e-01,101,0.007219680697028618
Pit30M,01e21524_09,family_a_W5,0e+00-1e-03,668,0.007720925366930656
Pit30M,01e21524_09,family_a_W5,1e-03-5e-03,112,0.007254472944241139
Pit30M,01e21524_09,family_a_W5,5e-03-2e-02,67,0.011562727897439017
Pit30M,01e21524_09,family_a_W5,2e-02-1e-01,101,0.009722872363126902
Pit30M,01e21524_10,central,0e+00-1e-03,46,0.01178515776050459
Pit30M,01e21524_10,central,1e-03-5e-03,93,0.011994651954373697
Pit30M,01e21524_10,central,5e-03-2e-02,54,0.004087077869835873
Pit30M,01e21524_10,central,1e-01-1e+00,1168,0.0006565210367381945
Pit30M,01e21524_10,family_a_W5,0e+00-1e-03,46,0.0110226990396428
Pit30M,01e21524_10,family_a_W5,1e-03-5e-03,93,0.0065489013077947135
Pit30M,01e21524_10,family_a_W5,5e-03-2e-02,54,0.011176508114123872
Pit30M,01e21524_10,family_a_W5,1e-01-1e+00,1168,0.0013994412130764135
Pit30M,01e21524_11,central,0e+00-1e-03,2816,0.0026402591173409493
Pit30M,01e21524_11,central,1e-03-5e-03,671,0.0028407758169853416
Pit30M,01e21524_11,central,5e-03-2e-02,251,0.0018242554417305392
Pit30M,01e21524_11,central,2e-02-1e-01,261,0.002484867281625144
Pit30M,01e21524_11,central,1e-01-1e+00,2072,0.0006228890835923784
Pit30M,01e21524_11,family_a_W5,0e+00-1e-03,2816,0.003984195280337393
Pit30M,01e21524_11,family_a_W5,1e-03-5e-03,671,0.0032820723825264676
Pit30M,01e21524_11,family_a_W5,5e-03-2e-02,251,0.00531635323554265
Pit30M,01e21524_11,family_a_W5,2e-02-1e-01,261,0.004855234168511371
Pit30M,01e21524_11,family_a_W5,1e-01-1e+00,2072,0.001291564781456163
Pit30M,01e21524_12,central,0e+00-1e-03,1532,0.005549666628420304
Pit30M,01e21524_12,central,1e-03-5e-03,893,0.005215362090999245
Pit30M,01e21524_12,central,5e-03-2e-02,308,0.006556193936348983
Pit30M,01e21524_12,central,2e-02-1e-01,254,0.005187384552032607
Pit30M,01e21524_12,central,1e-01-1e+00,1921,0.000665442636265492
Pit30M,01e21524_12,family_a_W5,0e+00-1e-03,1532,0.007900424033641384
Pit30M,01e21524_12,family_a_W5,1e-03-5e-03,893,0.008097086087830198
Pit30M,01e21524_12,family_a_W5,5e-03-2e-02,308,0.008483615931622192
Pit30M,01e21524_12,family_a_W5,2e-02-1e-01,254,0.00896332774234154
Pit30M,01e21524_12,family_a_W5,1e-01-1e+00,1921,0.0014055305717200295
Pit30M,01e86404_00,central,0e+00-1e-03,165,0.0074673742671018326
Pit30M,01e86404_00,central,1e-03-5e-03,75,0.007328146036615874
Pit30M,01e86404_00,family_a_W5,0e+00-1e-03,165,0.008101277709582048
Pit30M,01e86404_00,family_a_W5,1e-03-5e-03,75,0.0083595431053463
Pit30M,01e86404_01,central,0e+00-1e-03,14172,0.015045492454562288
Pit30M,01e86404_01,central,1e-03-5e-03,6106,0.017706842696026737
Pit30M,01e86404_01,central,5e-03-2e-02,1391,0.00898340308741442
Pit30M,01e86404_01,central,2e-02-1e-01,648,0.005207988183603244
Pit30M,01e86404_01,central,1e-01-1e+00,6543,0.0014336304209321567
Pit30M,01e86404_01,family_a_W5,0e+00-1e-03,14172,0.016030919330480467
Pit30M,01e86404_01,family_a_W5,1e-03-5e-03,6106,0.019072621930887795
Pit30M,01e86404_01,family_a_W5,5e-03-2e-02,1391,0.010521038752389458
Pit30M,01e86404_01,family_a_W5,2e-02-1e-01,648,0.008630934189721804
Pit30M,01e86404_01,family_a_W5,1e-01-1e+00,6543,0.0037282645266906965
Pit30M,020829cb_00,central,0e+00-1e-03,1251,0.017001816516570546
Pit30M,020829cb_00,central,1e-03-5e-03,223,0.005858853004282218
Pit30M,020829cb_00,central,5e-03-2e-02,52,0.0011514933037668725
Pit30M,020829cb_00,central,1e-01-1e+00,722,0.00042824107665594347
Pit30M,020829cb_00,family_a_W5,0e+00-1e-03,1251,0.01729695496131522
Pit30M,020829cb_00,family_a_W5,1e-03-5e-03,223,0.007138203540896676
Pit30M,020829cb_00,family_a_W5,5e-03-2e-02,52,0.0011371025314241734
Pit30M,020829cb_00,family_a_W5,1e-01-1e+00,722,0.0007477142858491117
Pit30M,020829cb_01,central,0e+00-1e-03,8189,0.019034256592688734
Pit30M,020829cb_01,central,1e-03-5e-03,3759,0.01936371218100041
Pit30M,020829cb_01,central,5e-03-2e-02,194,0.0038428062033646067
Pit30M,020829cb_01,central,2e-02-1e-01,113,0.006141457922620628
Pit30M,020829cb_01,central,1e-01-1e+00,3401,0.0006173762868230136
Pit30M,020829cb_01,family_a_W5,0e+00-1e-03,8189,0.019683758364864905
Pit30M,020829cb_01,family_a_W5,1e-03-5e-03,3759,0.020152140240186158
Pit30M,020829cb_01,family_a_W5,5e-03-2e-02,194,0.0067437184235224846
Pit30M,020829cb_01,family_a_W5,2e-02-1e-01,113,0.00634017589788223
Pit30M,020829cb_01,family_a_W5,1e-01-1e+00,3401,0.0014189632250923283
Pit30M,020829cb_02,central,0e+00-1e-03,476,0.0036640319300550697
Pit30M,020829cb_02,central,1e-03-5e-03,312,0.006156639463224017
Pit30M,020829cb_02,central,5e-03-2e-02,170,0.004587622964554666
Pit30M,020829cb_02,central,2e-02-1e-01,39,0.0022003920053354593
Pit30M,020829cb_02,central,1e-01-1e+00,826,0.0016613856755940363
Pit30M,020829cb_02,family_a_W5,0e+00-1e-03,476,0.005164784037574136
Pit30M,020829cb_02,family_a_W5,1e-03-5e-03,312,0.005141631564629333
Pit30M,020829cb_02,family_a_W5,5e-03-2e-02,170,0.013306464167884887
Pit30M,020829cb_02,family_a_W5,2e-02-1e-01,39,0.004862665275299886
Pit30M,020829cb_02,family_a_W5,1e-01-1e+00,826,0.004516235607744426
Pit30M,0209f084_00,central,0e+00-1e-03,44,0.020547999925974468
Pit30M,0209f084_00,central,1e-03-5e-03,81,0.009218350567455595
Pit30M,0209f084_00,central,5e-03-2e-02,32,0.006845654452714893
Pit30M,0209f084_00,central,2e-02-1e-01,43,0.007936692925513128
Pit30M,0209f084_00,central,1e-01-1e+00,848,0.0007060641937257871
Pit30M,0209f084_00,family_a_W5,0e+00-1e-03,44,0.02108002010120717
Pit30M,0209f084_00,family_a_W5,1e-03-5e-03,81,0.00907295858021044
Pit30M,0209f084_00,family_a_W5,5e-03-2e-02,32,0.007529186155422712
Pit30M,0209f084_00,family_a_W5,2e-02-1e-01,43,0.01075579005038139
Pit30M,0209f084_00,family_a_W5,1e-01-1e+00,848,0.0015509908324352684
Pit30M,0209f084_01,central,0e+00-1e-03,4801,0.009331992343182003
Pit30M,0209f084_01,central,1e-03-5e-03,1816,0.008634963704787283
Pit30M,0209f084_01,central,5e-03-2e-02,560,0.0070207610686444715
Pit30M,0209f084_01,central,2e-02-1e-01,468,0.005536092394833097
Pit30M,0209f084_01,central,1e-01-1e+00,4803,0.001009505977993444
Pit30M,0209f084_01,family_a_W5,0e+00-1e-03,4801,0.014171389789804258
Pit30M,0209f084_01,family_a_W5,1e-03-5e-03,1816,0.015509305617038224
Pit30M,0209f084_01,family_a_W5,5e-03-2e-02,560,0.011807208386545443
Pit30M,0209f084_01,family_a_W5,2e-02-1e-01,468,0.010671186144007421
Pit30M,0209f084_01,family_a_W5,1e-01-1e+00,4803,0.0023379948145989503
Pit30M,021286dc_00,central,0e+00-1e-03,517,0.005302046034366378
Pit30M,021286dc_00,central,1e-03-5e-03,167,0.007089573807157646
Pit30M,021286dc_00,central,5e-03-2e-02,77,0.005583915238890849
Pit30M,021286dc_00,central,2e-02-1e-01,26,0.009026240875320321
Pit30M,021286dc_00,central,1e-01-1e+00,675,0.0005024181627896428
Pit30M,021286dc_00,family_a_W5,0e+00-1e-03,517,0.008400045282106186
Pit30M,021286dc_00,family_a_W5,1e-03-5e-03,167,0.010908919301149456
Pit30M,021286dc_00,family_a_W5,5e-03-2e-02,77,0.006487256746538358
Pit30M,021286dc_00,family_a_W5,2e-02-1e-01,26,0.008911899071058924
Pit30M,021286dc_00,family_a_W5,1e-01-1e+00,675,0.00094999692057237
Pit30M,021286dc_01,central,0e+00-1e-03,3192,0.006142056879126322
Pit30M,021286dc_01,central,1e-03-5e-03,673,0.005809027114381705
Pit30M,021286dc_01,central,5e-03-2e-02,537,0.008064065382155301
Pit30M,021286dc_01,central,2e-02-1e-01,55,0.004237361980724804
Pit30M,021286dc_01,central,1e-01-1e+00,307,0.0016360183644078896
Pit30M,021286dc_01,family_a_W5,0e+00-1e-03,3192,0.012603144253495391
Pit30M,021286dc_01,family_a_W5,1e-03-5e-03,673,0.010294407461513617
Pit30M,021286dc_01,family_a_W5,5e-03-2e-02,537,0.011569382761765487
Pit30M,021286dc_01,family_a_W5,2e-02-1e-01,55,0.008128587113411235
Pit30M,021286dc_01,family_a_W5,1e-01-1e+00,307,0.004308275690839207
Pit30M,021286dc_02,central,0e+00-1e-03,2729,0.006601377813568854
Pit30M,021286dc_02,central,1e-03-5e-03,611,0.008294219534434943
Pit30M,021286dc_02,central,5e-03-2e-02,191,0.012589178261719075
Pit30M,021286dc_02,central,2e-02-1e-01,314,0.009120878197232255
Pit30M,021286dc_02,central,1e-01-1e+00,771,0.002590934356116871
Pit30M,021286dc_02,family_a_W5,0e+00-1e-03,2729,0.011208430291410065
Pit30M,021286dc_02,family_a_W5,1e-03-5e-03,611,0.013224682544053987
Pit30M,021286dc_02,family_a_W5,5e-03-2e-02,191,0.014162247214577393
Pit30M,021286dc_02,family_a_W5,2e-02-1e-01,314,0.011651397178024915
Pit30M,021286dc_02,family_a_W5,1e-01-1e+00,771,0.007345712676904383
Pit30M,024e8e83_00,central,0e+00-1e-03,10752,0.01258572108312708
Pit30M,024e8e83_00,central,1e-03-5e-03,5687,0.012850861692236775
Pit30M,024e8e83_00,central,5e-03-2e-02,4187,0.014011311160175215
Pit30M,024e8e83_00,central,2e-02-1e-01,2100,0.009486945584856582
Pit30M,024e8e83_00,central,1e-01-1e+00,3423,0.0019773820054601317
Pit30M,024e8e83_00,family_a_W5,0e+00-1e-03,10752,0.014443104474997165
Pit30M,024e8e83_00,family_a_W5,1e-03-5e-03,5687,0.015166786581563918
Pit30M,024e8e83_00,family_a_W5,5e-03-2e-02,4187,0.016297584199467627
Pit30M,024e8e83_00,family_a_W5,2e-02-1e-01,2100,0.011447885016642652
Pit30M,024e8e83_00,family_a_W5,1e-01-1e+00,3423,0.004255169230471994
