sequence,n,m4_c_pub,m3_c_pub,m4_f_pub,m3_f_pub,m4_f_w50,m3_f_w50,m4_c_dec,m3_c_dec,m4_f_dec,m3_f_dec
00682fa6_00,23771,0.002430315420665248,0.0003197235917264027,0.0024323322796867518,0.00030517253864274503,0.008768052084304704,9.076492139118118e-05,0.00419347826256576,0.012959867213440383,0.009466051429321377,0.008358291588955446
00682fa6_01,16688,0.0030597271715427678,0.00026215868200007097,0.003057604387516889,0.0002532699692569538,0.007888268517978931,7.562576086684823e-05,0.004329130293891053,0.010444984646466107,0.008382811717231388,0.006551357501213083
00682fa6_02,48848,0.008033394167604421,0.0003256669790584568,0.008032298200761713,0.00031231419301395384,0.011181259967532038,8.5939675004818e-05,0.008716186740954162,0.010286974728553677,0.011554397750252944,0.0058770217782944355
00682fa6_03,33185,1.300139955221805e-05,0.00017106951235861946,2.083159630126675e-05,0.0001696965856528036,0.0016819736517885442,6.201321414923376e-05,0.0007386791969765073,0.00349348642318832,0.0017494408372421217,0.0026482289628986374
00a05077_00,14164,0.0013240636179945198,0.00037732575510629766,0.001327657248981183,0.00035855657812261114,0.010482995912942878,7.614484251151969e-05,0.004233587020712344,0.013374184284056567,0.011192863834606456,0.00659624624435231
00a05077_01,96018,0.014952867277637524,0.00032579919766394905,0.01495126413168469,0.00031448993749591926,0.018420325372119625,8.081291075854598e-05,0.015599119564753976,0.013485671542618944,0.01891147927359806,0.006783619213992722
00a05077_02,2556,0.0013984396229792932,0.0004477340834389339,0.0013954871823141817,0.00043144960183648823,0.015294362274036322,7.968178369858561e-05,0.005798496894161772,0.018594992059670776,0.016784758596106286,0.007147148529569016
00a05077_03,215507,0.0078043416707635925,0.00036760394183666024,0.007804411261328429,0.0003524262218461004,0.012636653075137566,8.191155472561727e-05,0.008745167088450268,0.013122885770292251,0.013246801341598217,0.006295923120387702
00a05077_04,15035,0.028295010486258015,0.0023572251436190387,0.028299526276778626,0.0022650784582414025,0.03338356826719996,0.00014147480401210914,0.029412583424743243,0.021580087591075058,0.03311991591724181,0.009581367362980908
0106abc2_00,112558,0.016810677722007276,0.0002767210182527655,0.016810646172313082,0.0002620461407286507,0.017912839169771856,7.2299088071441e-05,0.017035879765269914,0.009475244893936453,0.018028058524543235,0.00623957227096536
0106abc2_01,6596,0.0021506899812807306,0.0003077812548895552,0.0021468681929323994,0.00029407590945365684,0.008582311774846065,8.901191011060407e-05,0.004453140683660962,0.012341515945274625,0.00916691665313722,0.008493715123748188
017be362_00,33761,0.0018582074568410489,0.00027106984838081463,0.001856123216730397,0.00026204854431533187,0.005980150094426767,8.744319543333238e-05,0.003342752659177528,0.009069491420027867,0.006423112942126652,0.006485213384988321
017be362_01,1715,0.0012151190184592428,0.0004615735627109464,0.0012209805589890289,0.0004403748839159507,0.013126558002207377,0.00012289904233004885,0.0054544734618791535,0.019394089258306532,0.014613866457135251,0.011544935269770185
017be362_02,23505,0.0017072613046690728,0.00045119374621147625,0.0017084320215756726,0.00044620121313884654,0.008769719973144446,0.00017099896582806567,0.003929079847075137,0.014289081799582333,0.009460513204988433,0.009230594515269626
017be362_03,4220,0.002376004097678245,0.00041566681217387267,0.0023744424413080245,0.00040893760431540756,0.007563475531585682,0.00018805617671670204,0.004128597765452741,0.014454562968663353,0.007950075343461148,0.010337370012413047
017be362_04,35530,0.0019434676043897593,0.0003769911453329489,0.0019446862086322048,0.0003630640204874725,0.008410808440912302,0.00013089917283004468,0.0041030815415821174,0.012816151258505873,0.00901308295844401,0.008643286022916119
017be362_05,113360,0.004360001324695094,0.0003678284185324431,0.004359527328867991,0.0003548122802124064,0.008937986741177295,0.00011382538750339625,0.005615056194500715,0.0118029961600989,0.009403132042968925,0.007574584346767158
017be362_06,6746,0.0008301970040287754,0.00032235747419032476,0.0008313466190452309,0.0003159979271325654,0.006708857833319536,0.00011410446678293674,0.0030715641257081537,0.011489808779304198,0.007133164478088334,0.008692211778532627
017be362_07,70670,0.0037198313693301076,0.00024796547679417207,0.0037182801324093873,0.00024127230129824962,0.006425481063775969,8.118174974316349e-05,0.004543450430356119,0.008433270991125919,0.006813763084136797,0.005636264965676741
01959149_00,126487,0.00508176412569332,0.00037843455374672775,0.005083298404516251,0.0003583276161032445,0.010161933527617142,8.795573145036102e-05,0.006253982951188255,0.01219617620136515,0.010779209182696174,0.006597925384084278
01959149_01,18252,0.0022760688352546224,0.00025337489858169056,0.0022756938254445036,0.00024508921767538194,0.005307618338648259,6.72176577620605e-05,0.0031725027813267626,0.007231175409904093,0.005604175887461233,0.004553464645865355
01959149_02,1825,0.011741728694486187,0.0004931515241616814,0.011742441406750705,0.0004784205949590285,0.01412733119818947,0.00021272622787663395,0.011616883283808959,0.01888201710695362,0.013849739899965486,0.013823397522303158
01959149_03,20715,0.006191079377691644,0.00040712541595466745,0.006189074627950229,0.0003967868444157,0.011053140581282124,0.00013627304544548374,0.007495770793013141,0.014317280964073928,0.011656013347187041,0.009901331493598885
01959149_04,2219,0.0005283669052122487,0.00032168930705570763,0.0005283271553769831,0.0003143342208635951,0.010175855873823504,0.00011184803684042153,0.004126974590505123,0.014307484743165533,0.011003037792212893,0.00869831569216835
01959149_05,58198,0.006528813623266226,0.00030818327329208966,0.00652738986523704,0.0002922452933851672,0.010299966646946117,0.00010463651937261621,0.007411205926058941,0.010841624391393516,0.010741228854520777,0.006796376467274575
01959149_06,70250,0.0023759256421684786,0.000326597330878923,0.0023764670997396815,0.0003084558815465653,0.009327045111824847,7.501872758967234e-05,0.004311423977523496,0.01207871855298665,0.010025488558196186,0.006681004495010496
01959149_07,50670,0.004569182128366928,0.0003012446300645208,0.0045693691352235956,0.00028902358508292575,0.008401859574146723,9.140375523663772e-05,0.005407358853554896,0.010335551895425586,0.008835292479932935,0.00630271404770629
01d09d4c_00,2982,0.008374239023402449,0.0002038456081327858,0.008372972333913912,0.00019517591147624568,0.009442782518585525,6.808344112938197e-05,0.008163892219715922,0.008115703081869548,0.009023139085291839,0.006058274748922561
01d09d4c_01,114728,0.00584174055784093,0.0003576832785993806,0.005841828282555308,0.00034164631477081757,0.010480061985035283,8.500984132203801e-05,0.006837845938035235,0.011646874820028604,0.011079556536451504,0.005935936917895014
01e21524_00,14002,0.001112503845041894,0.00019608460946689244,0.001112381038120375,0.00018893304766541132,0.004185214695188531,5.023003914309253e-05,0.0022526076029215063,0.00606288304134574,0.0044008638974693,0.003937231699063217
01e21524_01,6414,0.0016770794537566333,0.0003112503579437381,0.0016779626819045208,0.00030262023079074266,0.008193332318255671,0.00010023338370369429,0.0036642709243866777,0.012220076108456303,0.008845140049236207,0.007584336989164518
01e21524_02,10184,0.0015677598892148174,0.0002483723246949903,0.0015670685080893362,0.00023909276923474485,0.006283317756472177,6.874583891729637e-05,0.0031210320609618577,0.009145080619426534,0.006739643646763304,0.005893479508403603
01e21524_03,4863,0.0016049500622550698,0.0002584833132233885,0.0016024490019332475,0.000248635139965696,0.007333983314775731,6.522942126901188e-05,0.0036250312901125524,0.009998694841523067,0.00775311848861101,0.006203777838337998
01e21524_04,6175,0.001890814766103668,0.000279443742178646,0.0018893558561004558,0.0002685312200176524,0.006208775788433552,8.341330116898681e-05,0.00356793094107083,0.009209072018999195,0.006606213518985114,0.006307442244852911
01e21524_05,1394,0.0016968412052885517,0.0004527720889159167,0.0017368188370554976,0.0004424575019356465,0.01714036747595503,0.0001145081620777964,0.005125858473614384,0.024349076118823903,0.01960201393958108,0.01070886404589694
01e21524_06,58733,0.0030823125593794462,0.00022587184331883305,0.003082510738765829,0.00021587412094129462,0.0063621326357488055,7.052827633239086e-05,0.003830825028719586,0.008125243095392188,0.006751182273726836,0.004657560883285448
01e21524_07,5164,0.0017073595842503266,0.00024086382502893006,0.001701693610535315,0.00023154790742801302,0.007750909481590386,8.242027247256702e-05,0.003637954053591061,0.010700674603099465,0.008443361536136723,0.007159842429809105
01e21524_08,57369,0.0032985052021183054,0.00021092749241800196,0.0032987506197556804,0.0002033389980017463,0.006528364133510191,6.751225841866872e-05,0.003987399661942507,0.008668387446519783,0.006946889522750775,0.0055245259644821085
01e21524_09,9481,0.00464979034694136,0.0002580319093343891,0.004649929291537382,0.0002432150936621534,0.007850227893358755,6.32547035095133e-05,0.005405293370060772,0.009500765710524908,0.008221232448540927,0.006006960823401759
01e21524_10,13734,0.0010983049233969696,0.0001366321779030439,0.0010987068911406466,0.00013162824595105505,0.003367165530273293,3.21003575401512e-05,0.0017166563268555066,0.0043792672706377146,0.00369512433725842,0.0024203114923482243
01e21524_11,60708,0.0015003766390229044,0.00013519837923055614,0.0015004895585091645,0.00012911812090497414,0.002929196054713707,4.344071055623736e-05,0.001954208323179766,0.0043061459501497,0.0030604166187417608,0.0032562592451473005
01e21524_12,49072,0.0037883336673742614,0.00019995758175962518,0.0037878547106385036,0.00019024477577943717,0.006011995797877229,5.9609950135981155e-05,0.004316818386876814,0.00702473719500984,0.006288186207928611,0.004359688574110371
01e86404_00,2415,0.006718523281242582,0.0001709260881268563,0.006719077023428166,0.00016256899284460395,0.00784246019435008,5.576605884250522e-05,0.006920739796777425,0.0073098082496302385,0.00808208884603617,0.005412217459173611
01e86404_01,288591,0.013295665793376241,0.00028928475426528137,0.013295406699664225,0.00028156805840930083,0.014398303585105767,8.257630240076055e-05,0.013530500509882762,0.008901223742805803,0.014574681581279166,0.005902561110467926
020829cb_00,22668,0.012882055039679315,0.00015080308181595448,0.012881865183141059,0.00014179875365387596,0.013249884227151234,4.4840188072353675e-05,0.013001008169787186,0.005467112557475735,0.013296236296686869,0.004287658937213207
020829cb_01,156553,0.01688318710517494,0.0002337150559081109,0.016883196403156137,0.00021722447988808082,0.017571188701147752,4.452496257531824e-05,0.01704156585505217,0.006772443170435168,0.017654985720392678,0.003982170233138505
020829cb_02,18230,0.0015755746513944622,0.0003019061229434601,0.0015751794949884173,0.0002993276699102227,0.005724290861712998,0.00011548619259375331,0.0028269587419467567,0.010187729105328247,0.006182280191887068,0.007586616284475372
0209f084_00,10476,0.0032634390419445415,0.00011431304881744211,0.003262756939341238,0.0001095644463078265,0.0039054754572977286,4.371232751851396e-05,0.003618671882033896,0.004794623874644447,0.004176028402378485,0.0037799247986295328
0209f084_01,124471,0.0059196824798597985,0.0003436326384695842,0.005919910091241746,0.00032471133870986884,0.010659392746934377,9.509379839672855e-05,0.006918908889587453,0.011862318978952407,0.01125300095280935,0.006292854646649512
021286dc_00,14620,0.0037062213466686968,0.00024740966492934274,0.0037066609134496615,0.0002310415131599844,0.006223797511605177,4.63089032921505e-05,0.004399536352216801,0.007199973187420477,0.006566422604678773,0.004295405781059498
021286dc_01,47636,0.0045453345267601804,0.00035881371954238995,0.0045444906779958235,0.00034121243781933235,0.010738940835236443,8.959157814743027e-05,0.006047941961486544,0.01325980934693209,0.011371322998845641,0.007745666100538953
021286dc_02,46155,0.005976538057761517,0.0003407265779463534,0.0059762966203985865,0.0003234100621260435,0.010686013690959112,7.742414610751168e-05,0.007022973391918324,0.01158804808320237,0.011225964984713921,0.005930134361367102
024e8e83_00,261490,0.011444514396072396,0.00030610485907418914,0.011443889132544273,0.00029210569968462217,0.013636858360006734,9.04460603108221e-05,0.011938979687813392,0.010796326726783495,0.013955142616454716,0.006649201071675421
