central_M2,central_M3sm,family_a_W5_M2,family_a_W5_M3sm,family_a_W7_M2,family_a_W7_M3sm,sequence,n_frames
0.08737638561277619,0.0803072369372421,0.08057855529118384,0.020557796584096937,0.08386464561117327,0.01240733589623154,02678d04-cc9f-3148-9f95-1ba66347dff9,160
,0.050971671417538514,,0.012170596162389852,,0.008248977657138562,02a00399-3857-444e-8db3-a8f58489c394,160
,0.055390865662652514,,0.021446236429993416,,0.01839804100127383,04994d08-156c-3018-9717-ba0e29be8153,160
,0.05124206334030809,,0.01571263302121189,,0.012178434063246138,05fa5048-f355-3274-b565-c0ddc547b315,160
,0.06479055133531982,,0.020809964079391455,,0.008718445021773746,070bbf42-31d3-3aa9-aca4-c262afc9077d,160
0.09196153281158488,0.05077099237689926,0.09526376514399112,0.02418850441920554,0.09998896354651143,0.0194238395487902,0aa4e8f5-2f9a-39a1-8f80-c2fdde4405a2,160
0.2608534629192958,0.04177454825130032,0.2709710612241351,0.009122902444993019,0.2708315801011554,0.006777228295592269,0b5142c1-420b-3fea-9e98-b87327ae22c6,160
,0.0888406032119039,,0.020017811378362275,,0.011721706498376451,0b86f508-5df9-4a46-bc59-5b9536dbde9f,160
0.2977928539799768,0.04499318451473267,0.3118942538768468,0.015263742313105452,0.3098051429784927,0.01154826623323215,0bae3b5e-417d-3b03-abaa-806b433233b8,160
,0.041401213582107826,,0.01022566940252032,,0.006758845356657567,0c3bad78-9f1e-395d-a376-2eb7499229fd,160
0.24470819584587575,0.05111833142266072,0.24597395516269768,0.012540746920513487,0.2617084174587526,0.007792687198681388,0fb7276f-ecb5-3e5b-87a8-cc74c709c715,160
0.16318324711882382,0.051202832490477405,0.16399141501101544,0.014059480621805807,0.16583748012888172,0.010518568004598368,11ba4e81-c26f-3cd1-827d-b6913bcef64e,160
0.1865968811409312,0.057433479769160856,0.1514035237666072,0.027371527161237336,0.1531608136066418,0.024615807931461012,15ec0778-826e-3ed7-9775-54fbf66997f4,160
,0.05017501833273151,,0.012459482025332777,,0.007392678515210081,182ba3f7-b89a-36cc-ae40-32a341b0d3e9,160
0.1878041752721638,0.05674390641083725,0.18107417226280098,0.02035852801746391,0.17870547217668614,0.01485065985448657,185d3943-dd15-397a-8b2e-69cd86628fb7,160
0.14054564006937867,0.04664543290069172,0.13951226429822725,0.01218355124027792,0.1370174156808148,0.008758092193985482,19350c96-623d-4d77-af96-f8c23f00c358,160
0.19921095242263961,0.05905578839921285,0.20014885663711032,0.015930772569746156,0.20022505618402917,0.006354298894117205,19f53e16-9f99-3035-9672-7e860f3b0048,160
,0.06524833421998388,,0.026192859137263626,,0.019658391838543312,1da4a0aa-22ae-3958-856d-05303de1f576,160
0.12459651850121116,0.042021186171605295,0.12762182339321892,0.011982671332131082,0.12774521970609012,0.008686840081707285,1f434d15-8745-3fba-9c3e-ccb026688397,160
0.0758357176650197,0.03972389263626288,0.0821793554288944,0.013168922383552835,0.08541761094743526,0.009800998081389522,201fe83b-7dd7-38f4-9d26-7b4a668638a9,160
0.24014703574941773,0.06381237045307997,0.2414941796243403,0.015107836824119472,0.24323829496692645,0.009398445661906249,20bcd747-ef60-391a-9f4a-ae99f049c260,160
,0.06159691695885197,,0.019565268644551412,,0.013480015468827907,20d47f81-46e8-3adf-a0ca-564fbb5c599d,160
,0.05652384446723441,,0.014397086613623938,,0.009633527551964208,20dd185d-b4eb-3024-a17a-b4e5d8b15b65,200
,0.06547934333536685,,0.019316435494267578,,0.010184401725135881,214e388e-cbd7-3dde-a204-d2ec42298808,160
0.19389532742976492,0.04557687647229311,0.1930028583349821,0.014658688867973804,0.19143725460213076,0.010920792066140779,22052525-4f85-3fe8-9d7d-000a9fffce36,160
,0.0912419311860893,,0.02468495107304732,,0.01557414163405972,24642607-2a51-384a-90a7-228067956d05,160
0.06944209474573183,0.033592965451615026,0.07088174546444326,0.00701701945744037,0.07193987080383699,0.005322620776348528,25e5c600-36fe-3245-9cc0-40ef91620c22,160
,0.06194041083028021,,0.01722406162792243,,0.007977245935691553,27be7d34-ecb4-377b-8477-ccfd7cf4d0bc,160
,0.061965215941194134,,0.015745294714737214,,0.008665577529391939,27c03d98-6ac3-38a3-ba5e-102b184d01ef,160
0.47658917875102497,0.05771994446098949,0.48707065411741435,0.023651232270430624,0.48065355873922344,0.018543499237135632,280269f9-6111-311d-b351-ce9f63f88c81,160
,0.0440697766264883,,0.010253300173045134,,0.005884452358750308,29a00842-ead2-3050-b587-c5ef507e4125,160
0.11208540391997876,0.049435364095214485,0.08100199111779921,0.017402476576797186,0.08291667263195036,0.015247075857805098,2c652f9e-8db8-3572-aa49-fae1344a875b,160
,0.06003739251942361,,0.013620139388858182,,0.00845033397470557,2e3f2ae7-9ab9-3aef-a3ce-a0a97a0cb1ab,160
,0.058086398578107996,,0.020801207565826787,,0.017127121930109717,2f2321d2-7912-3567-a789-25e46a145bda,160
,0.07281568562931191,,0.018680480536771096,,0.012393106449358583,2ff4f798-78d9-3384-87e9-61928aa4cb6d,160
0.34485689056108854,0.07604566830689764,0.34019956321857264,0.024904640429784564,0.3388623842022066,0.017762117062537143,335aabef-269e-3211-a99d-2c3a3a8f8475,160
0.06518273156822242,0.042933161143564845,0.08367374548487895,0.012789464940175814,0.08354040373510048,0.011366727875386604,36aec72e-5086-376c-b109-295b128e77e1,160
0.11879197773893388,0.05390262833757033,0.19762480512621233,0.01970439668935954,0.1723303000687182,0.017156753870165842,3b3570b4-7b0b-3268-a571-b0889dbf40b6,160
,0.05780649634500975,,0.02095489617528945,,0.01695264670419269,3bffdcff-c3a7-38b6-a0f2-64196d130958,160
0.24321649468412276,0.07040993396661578,0.24276785237610407,0.021741156510433558,0.24071095755206112,0.01591633130750183,3de5b5d6-68c4-3c95-84ed-be7c83d829f8,160
,0.0914383035781933,,0.020274364366694202,,0.011074424594887998,42f92807-0c5e-3397-bd45-9d5303b4db2a,160
0.038932723866613436,0.07821992104868561,0.03819718172454391,0.026828630127584713,0.04916094850716901,0.021519975367415383,44adf4c4-6064-362f-94d3-323ed42cfda9,160
,0.044924216583128465,,0.008847225252572808,,0.004843693273287181,47286726-5dd4-4e26-bd2d-5324f429e445,160
,0.06097823643613521,,0.02121006142416107,,0.016872488441259697,472a240a-10cd-39cd-8681-558f7c7cf868,160
0.3181052175352488,0.06833430942845363,0.3145459025557079,0.023936355094599165,0.3158226410133443,0.017959241372924477,4c33fc38-5e59-34f8-96ba-4e5a404d3988,160
,0.06634136797929054,,0.021003285015266125,,0.013845522984889228,4e3fedbb-847c-3d5b-8a62-c9ff84550985,160
0.17323917133756755,0.056562396832204695,0.16526234522894442,0.02555564284708999,0.1645677747945869,0.021784087095371548,51bbdd4d-3065-34ae-b369-b6e0444f34db,160
0.12494137268214545,0.06600663020599337,0.1214303550438578,0.01831152439953994,0.11863392911277681,0.0114226361909535,52071780-5758-3ed4-8835-0d64ecdc5575,160
0.436103475166153,0.05098512948140132,0.43147883044316093,0.01940110167814344,0.44207940710701116,0.012584079203917914,52971a8a-ed62-3bfd-bcd4-ca3308b594e0,160
,0.0855055010123569,,0.025681752515806323,,0.016173852339154256,544a8102-0ef5-3044-921e-dc0544370376,160
0.07548086373562769,0.03703398562933763,0.07549878732479873,0.00874477066691379,0.07651758062560109,0.006013055257138717,5589de60-1727-3e3f-9423-33437fc5da4b,160
0.09038675875723169,0.06562544945225068,0.0880837680752613,0.018296071940758045,0.11281051881189605,0.011788988826605538,58e82365-03bc-3b2f-b55a-a4ad0e3e792d,160
,0.06315008070127896,,0.013951131850741606,,0.007622481082277043,58fed0d4-97d5-469b-89a4-4394838e10c7,160
,0.050394746146058905,0.2911738833471732,0.021680493047320042,0.2862773401737808,0.019264845251516567,5c0584a3-52a6-3029-b6ff-ca45a19d8aa6,160
,0.056073385177884065,,0.020002974350652014,,0.01574599816580272,5f278cdd-ca28-3c53-8f5c-04e62308811d,160
0.11664251722042851,0.044994638553927414,0.11458303691794627,0.010788580239549303,0.11574413558866924,0.006295531013695124,5f8f4a26-59b1-3f70-bcab-b5e3e615d3bc,160
0.16955413561922733,0.06682303683125426,0.143680001668408,0.022491902635401014,0.14181469236868646,0.01795325904631584,65387aee-4490-38b9-8f4f-1fc43bd4ac06,160
,0.06870466615793124,,0.017346834397030837,,0.009182522307747938,6803104a-bb06-402e-8471-e5af492db0a8,160
0.0894523221155108,0.048456083224045966,0.08642361926022958,0.020735607114332994,0.08548404389910617,0.015800222610616758,6aaf5b08-9f84-3a2e-8a32-2e50e5e11a3c,160
0.19696378673712486,0.07318035111823824,0.19617587938222888,0.02358136140737275,0.16975420216332218,0.017393069918908287,6c932547-4c11-31d7-b8ef-0c16a13dbfc3,160
0.4052044708771644,0.050327334030266124,0.4008280894882176,0.015426656896913193,0.40134569262591474,0.01042923540045818,6f128f23-ee40-3ea9-8c50-c9cdb9d3e8b6,160
0.06901751899267455,0.07427081803502504,0.07039500634009586,0.02272367410117129,0.0745878066985355,0.015532395640034627,7039e410-b5ab-35aa-96bc-2c4b89d3c5e3,160
,0.0700570154175662,,0.02098450110744364,,0.013276167137727791,72cf3ca1-1a9e-3254-bca0-29c62521e454,160
0.10225104345796099,0.044320535772618845,0.09716852379162677,0.012569370860773029,0.12087405088093298,0.0062464474722658,7606de8d-486c-4916-9cbb-002ee966f834,160
,0.08706711708248831,,0.019413362010109937,,0.01115727659819827,76916359-96f4-3274-81fe-bb145d497c11,160
0.12018263937072445,0.04270699289078522,0.11258496286527293,0.014632650664625988,0.11401839277386026,0.011539621492510206,77574006-881f-3bc8-bbb6-81d79cf02d83,160
0.2931904623119971,0.07696351127789844,0.2947249814373898,0.020351459390880122,0.2946585092849021,0.012403743685291938,78683234-e6f1-3e4e-af52-6f839254e4c0,160
0.19349593278794153,0.0649576033510841,0.19062647082117012,0.019323326460087196,0.19278243386533614,0.012262559885835732,78da7b7e-8ddf-3c7d-8716-eaa890106dd3,160
0.23826934549540496,0.054550423869532134,0.2122185090443344,0.015802231317285836,0.21483939043308645,0.012228547661131258,78f7cb5c-9d51-34f0-b356-9b3d83263c75,160
,0.05630630204967732,,0.01836561248700404,,0.013580406032253549,7a2c222d-addc-30b2-aac6-596cb65a22e3,160
0.31782604809604836,0.052993231818830346,0.2913942691241664,0.025547644882886977,0.2943621940418285,0.021969985230019456,7dbc2eac-5871-3480-b322-246e03d954d2,160
,0.0782463691280539,,0.028617655490059492,,0.02184519926913612,7de2e535-81df-3d5f-a5ca-62e4b940eb54,160
0.09536447096481723,0.03548165940520239,0.093400426646968,0.010502104687518703,0.09224156688709834,0.0086428053840877,7e4d67b3-c3cc-3288-afe5-043602ea3c70,160
0.20761144815029214,0.059595018745652734,0.2049274316192236,0.025025145836933,0.2063405971615346,0.01891630089501294,7fab2350-7eaf-3b7e-a39d-6937a4c1bede,160
,0.07580150547734732,,0.02603874000253463,,0.022244825019754794,858d739b-a0ba-35aa-bafc-4f7988bcad17,160
,0.05482001221269799,,0.012299940700876408,,0.007808225596087527,8749f79f-a30b-3c3f-8a44-dbfa682bbef1,160
0.09404394297879022,0.04995053131718956,0.0650862655770111,0.016586054959522853,0.06308483373249522,0.011650017891569374,87ca3d9f-f317-3efb-b1cb-aaaf525227e5,160
0.07463378992787183,0.044627321834402434,0.07252377778944631,0.01718301249564674,0.0721646292629124,0.012162861302106465,88f47a10-87b4-3ea8-a0c7-a07d825b647d,160
0.41367607820730873,0.062384006171400455,0.3814844061160143,0.0145587225949364,0.40531609209770764,0.007593115867446102,91aab547-1912-3b8e-8e7f-df3b202147bf,160
,0.06683529906779967,,0.024064417122477366,,0.017130128674347253,92b900b1-ac4a-3d41-b118-e42c66382c91,160
0.17152117393346983,0.05326908392352381,0.17042571284846403,0.021112530829156297,0.1707230651923648,0.01694997646379254,95bf6003-7068-3a78-a0c0-9e470a06e60f,160
0.14379212187122586,0.07148486554538218,0.1453657390523652,0.023836246196139128,0.1469997582152757,0.01787613001412691,96dd6923-994c-3afe-9830-b15bdfd60f64,160
,0.07445298552350524,,0.029108294065565678,,0.021743314908168422,9a448a80-0e9a-3bf0-90f3-21750dfef55a,160
0.21937733340820958,0.07835769865518609,0.2189138690303793,0.021093722661672098,0.24736626067370035,0.013189571548566434,9bb1f857-8b61-369f-a537-484c1323ae32,160
,0.0957073225799646,,0.021840456018503557,,0.015659164463780243,9e9bcfb7-601d-3d80-bc12-ef7025174beb,160
0.06840098207811736,0.027139963818103543,0.0695088711368346,0.00642426212740858,0.06949038356242711,0.005145140895237703,9f871fb4-3b8e-34b3-9161-ed961e71a6da,160
,0.048391093344658326,,0.009924613764260834,,0.0057326781423706,a060c4c1-b9fc-39c1-9d30-d93a124c9066,160
,0.06709452583574668,,0.019814502871735938,,0.010729255960622906,a1589ae2-2678-310e-91cc-c4b512cd7fa5,160
,0.08296596987412365,,0.01988198583231982,,0.012789845350203792,a33a44fb-6008-3dc2-b7c5-2d27b70741e8,160
,0.06577646022726076,,0.02053074443819622,,0.017079851136503843,a7636fca-4d9e-3052-bef2-af0ce5d1df74,160
0.22989797712820423,0.05824469744203603,0.22956727892604264,0.015897543915249647,0.24510255466539566,0.010031274648873515,a91d4c7b-bf55-3a0e-9eba-1a43577bcca8,160
0.1833355973213602,0.05696633976159731,0.18179167323174114,0.029382076476606164,0.18023782924756784,0.022664937632582025,adf9a841-e0db-30ab-b5b3-bf0b61658e1e,160
0.10394287891216707,0.05019380736506295,0.10481301787252126,0.013014468119337212,0.12130722152744527,0.006772773668188893,b19f3c1a-a84a-3a2d-8d1b-8a4ae201020b,160
,0.0857808012447905,,0.019277447568615658,,0.010424253157317084,b2053fdc-0b94-30bc-aee7-5bc6fb7e9f52,160
,0.07084246411519285,,0.017032138178385583,,0.010776296802042716,b213af37-7d89-342d-ae39-8a3c72159a01,160
0.07782166235215081,0.07522106490066928,0.07339989785766067,0.02485984009811924,0.07326463426164846,0.015159509760223577,b50c4763-5d1e-37f4-a009-2244aeebabcd,160
0.16449717849815154,0.04175701397594643,0.16329867959651248,0.013798256437807478,0.16371902969832514,0.01063763946342019,b5a7ff7e-d74a-3be6-b95d-3fc0042215f6,160
0.05054485662140098,0.07245059370244251,0.04446164139460869,0.024239455686850833,0.056956970752261464,0.019611335949609548,b6500255-eba3-3f77-acfd-626c07aa8621,160
,0.06715056870228098,,0.015960450371629183,,0.010777877900989637,b6e967f6-92bc-3bf5-99c9-1b0c4649fd67,160
0.0780098380808605,0.07061077175399272,0.0687568064539102,0.0249976393188957,0.06595924311112741,0.0203408204207422,b8489c02-60d0-3f44-a3b4-9de62830d666,160
,0.060619159733868,,0.02131048448883128,,0.0154228389780993,b87683ae-14c5-321f-8af3-623e7bafc3a7,160
,0.04836454979420697,,0.020120842666097708,,0.016631857134168926,ba67827f-6b99-3d2a-96ab-7c829eb999bb,160
,0.07893259707094802,,0.015488075250624156,,0.008088810869205747,bbd19ca1-805a-3c22-8df3-cd7501aa06f3,160
0.1984851179903539,0.05847610599305613,0.19687784766038424,0.019180523390564436,0.19830809624813797,0.013394894536409779,bd90cd1a-38b6-33b7-adec-ba7d4207a8c0,160
0.2805592878397794,0.04566167178383214,0.2811539197424746,0.013916679274362442,0.27969949212149586,0.010057953723790803,bdb9d309-f14b-3ff6-ad1f-5d3f3f95a13e,160
,0.0533472811643882,,0.012044658355193935,,0.008230107835426466,bf360aeb-1bbd-3c1e-b143-09cf83e4f2e4,160
,0.09464743525237657,,0.020934902592476254,,0.010920697761930352,bf382949-3515-3c16-b505-319442937a43,160
,0.05039826798355969,,0.01185083187834458,,0.007091972500612884,c222c78d-b574-4b9d-82e1-96a4f3f8bb27,160
,0.0951701130876858,,0.023009462829516658,,0.012396094412667676,c2d44a70-9fd4-3298-ad0a-c4c9712e6f1e,160
,0.08329535703507879,,0.019688859396143787,,0.011791059352871567,c85a88a8-c916-30a7-923c-0c66bd3ebbd3,160
,0.08728835070033299,,0.017778956449993777,,0.010026637037037293,c865c156-0f26-411c-a16c-be985333f675,160
,0.06971922029203846,,0.02390781463760508,,0.019268697197465257,c8ec7be0-92aa-3222-946e-fbcf398c841e,160
,0.08560760813884395,,0.01947085533636805,,0.010932997741943765,cae56e40-8470-3c9c-af75-6e444189488f,160
,0.05471738139766863,,0.020522363027937335,,0.017661983296567686,cd22abca-9150-3279-87a4-cb00ba517372,160
0.08815229608036973,0.06851911497831438,0.08465097591877183,0.027650774887972428,0.08403873823461229,0.02137369920079629,cf5aaa11-4f92-3377-a7a2-861f305023eb,160
0.05717741255806329,0.022983965373593512,0.05514434074447131,0.008537974918515144,0.05548619370711834,0.006017210116832102,d1395998-7e8a-417d-91e9-5ca6ec045ee1,159
,0.07093157253556515,,0.017725166120720424,,0.011016973311515906,d3ca0450-2167-38fb-b34b-449741cb38f3,160
0.08383872826962299,0.03926551058786849,0.08112167156234011,0.010659200244459238,0.08106015979975688,0.00809290008007497,d46ff5df-95e8-32da-a0d7-87f7b976a959,160
,0.10745661117939512,,0.02365190010507456,,0.012757045887650559,d5d6f11c-3026-3e0e-9d67-c111233e22de,160
,0.07293784362831437,,0.02852247976598267,,0.024200232613897674,d5fa4d54-74ba-369c-a758-636441ad7f07,160
,0.041470120791276016,,0.010585978024528663,,0.006656338921942901,d770f926-bca8-31de-9790-73fbb7b6a890,160
0.2530464080757016,0.060665566498736556,0.21992881228795566,0.01477861146008716,0.21996403610154489,0.009520650368631927,d89f80be-76d0-3853-8daa-76605cf4ce5e,160
0.1729091629775431,0.07338287441269725,0.16557973040629026,0.027423091024543853,0.1707992631104787,0.02166448078120134,da036982-92bf-36a8-b880-4ccf4e20b74e,160
,0.06770057550351204,,0.017265824405927103,,0.008080829391263287,dafe14f5-825c-4e7a-9009-6dfdfdd5b030,160
,0.10819627481534362,,0.024717342422263873,,0.012541923201804405,dc9077b9-2fe0-3d18-9b97-8067ff090874,160
,0.08481775410546437,,0.02120721796490901,,0.013969354978293831,de56b100-508b-3479-81fe-735349f8e8de,160
0.10384352493605536,0.054196941925857424,0.10231228917534635,0.026483551556536082,0.10332251770533962,0.020707644398857483,de9cf513-a0cd-3389-bc79-3f9f6f261317,160
,0.0843395984122669,,0.022284947927302,,0.013455182033683519,ded5ef6e-46ea-3a66-9180-18a6fa0a2db4,160
,0.05567180768260391,,0.018743659310367856,,0.015090676991928252,dfc32963-1524-34f4-9f5e-0292f0f223ae,160
0.07848078967253432,0.03884492330860662,0.09953199870448466,0.009659642206440413,0.09942562615844792,0.006877646906814907,dfc6d65f-20f5-389d-a5cd-81c1c7ecb11f,160
,0.07937000257219799,,0.025053511878273357,,0.019167117421020882,e0ea281b-6956-3605-b720-71b54ec87d25,160
,0.04790238643224522,,0.011123611959483762,,0.007584285311820962,e13c06cb-cd01-380e-946f-6d92ac1af49d,160
,0.08120478394367289,,0.020010421006230798,,0.014510242124418498,e1d68dde-22a9-3918-a526-0850b21ff2eb,160
,0.08936839517118862,,0.022293931264164464,,0.010469738464484547,e2e921fe-e489-3656-a0a2-5e17bd399ddf,160
,0.049424417334846704,,0.01162163578535055,,0.006355609767723402,e42aa296-0e5d-4733-87ec-131a82f917bc,160
,0.0498009202656896,,0.013909467004047018,,0.009224293037004118,e50e7698-de3d-355f-aca2-eddd09c09533,160
0.0013627479894216868,0.0015270058675644412,0.001008142731213323,0.00032797630587590274,0.0009710858953957225,0.00022806729508482077,e72ef05c-8b94-3885-a34f-fff3b2b954b4,160
,0.08002751876806204,,0.020562778592001268,,0.012418312214419048,e8c9fd64-fdd2-422d-a2a2-6f47500d1d12,160
,0.05390426548811114,,0.016134537528265738,,0.006443083721733869,ecbe6def-7560-352c-8822-b2b92613e1e4,160
,0.07140057936542853,,0.021491142005126036,,0.00948860965179985,eec284b2-840a-3c75-aa42-04d2e309bbe1,160
,0.04620480227090691,,0.012701928780576268,,0.007699282406616821,f1275002-842e-3571-8f7d-05816bc7cf56,160
,0.045552905743393955,,0.010842802041877866,,0.006679677047052124,f2576c8a-da9b-450e-88cf-a70af1b0eadf,160
,0.06319214079750157,,0.021028026227650366,,0.01684063616203252,f292cc5c-7a90-360d-b62a-074c643bdf59,160
,0.05990579576605673,,0.012182432762101673,,0.005469532304529123,f3cd0d0d-8b71-3266-9732-d9f0d5778eb6,160
,0.04551387956443053,,0.011775527543239619,,0.0065882707632179335,f4c94798-4d77-36ab-bdc5-c1194e5e7aff,160
0.15624459758416367,0.08451135983638418,0.1565116723352755,0.02762330620051607,0.15732077239148345,0.019413190116289825,f668074d-d6c6-3ea7-a7b5-aad0a1203b03,160
,0.054731062382981616,,0.014613104971344416,,0.008140506225068867,f6cc0ebf-fc6a-3bf2-8bcb-76d8c43f194e,160
0.09764137594845063,0.053853862788576956,0.07805519037479484,0.014207243604528574,0.07889431494998958,0.009764039750105495,fbd62533-2d32-3c95-8590-7fd81bd68c87,160
,0.0709958473929436,,0.016743105558892583,,0.0090728779451668,fbee355f-8878-31fa-8ac8-b9a45a3f130a,160
0.07610498247768845,0.08436657648455631,0.10112522065905614,0.026537271161478398,0.09986364700933943,0.018001520951789734,ff0dbfc5-8a7b-3a6e-8936-e5e812e45408,160
