sequence,n_frames,central_M2,central_M3sm,central_M4,family_a_W5_M2,family_a_W5_M3sm,family_a_W5_M4,family_a_W7_M2,family_a_W7_M3sm,family_a_W7_M4
00682fa6_00,2378,0.1177868705074059,0.013018616082336185,0.004911961882297872,0.11764544942765737,0.008275058267456427,0.009415816125684418,0.11764999999107212,0.007388925303288266,0.01236668704206219
00682fa6_01,1669,0.1244355081757122,0.01056568742190889,0.004307664176003778,0.12419768521911449,0.006626034875432369,0.00844985617482188,0.12420682783712306,0.005576195952693974,0.011277457371319069
00682fa6_02,4885,0.10601091372944774,0.010583360611379322,0.008654248421880239,0.10672264785434628,0.006074594190885797,0.011475816954395129,0.10933885909586252,0.00491924554110233,0.013360123904920307
00682fa6_03,3319,0.06933845430496115,0.003561579736458229,0.0007594326627268016,0.06931031254676497,0.0027300621911519113,0.0017765202918155433,0.06858334301980841,0.0022356754108859836,0.0027984130000771952
00a05077_00,1417,0.12419284504776341,0.013590947640868614,0.004289585961694188,0.12408019643890981,0.006632521802892734,0.01136647414160324,0.1237950163758714,0.005290481348061629,0.014556856940266457
00a05077_01,9602,0.08242895772178524,0.013415079566823479,0.015336959118253004,0.08201206582066013,0.00678546726302634,0.018648281714345512,0.08203785385742106,0.005631801001845482,0.020909351547638805
00a05077_02,256,,0.018598041439110508,0.007151122744192438,,0.006959149302861872,0.016177675921272814,,0.005105505566549871,0.019608299920412325
00a05077_03,21551,0.06376298629376614,0.013098436400036472,0.009024881963866046,0.0633680691962794,0.00631273597796732,0.013369922563305667,0.06349023557579007,0.004883956673941313,0.01609730601291595
00a05077_04,1504,0.2023541893681515,0.023683612900554173,0.02965889181502525,0.20167322428512885,0.01224718461801234,0.033843311597476396,0.2009982140031005,0.010332016006713298,0.03721022856942007
0106abc2_00,11256,0.09683717971594599,0.009727333049103733,0.016754232627444656,0.09667516004572427,0.006239027306592912,0.017877885789912472,0.09614235675058683,0.005596575841222444,0.018814871906707224
0106abc2_01,660,,0.012170953864681115,0.004502357818533723,,0.008355981165526839,0.009029531338953256,,0.0073407030350426845,0.012474847574707952
017be362_00,3377,0.06364910297256055,0.00969720714705751,0.0036311015848799655,0.06366448510188194,0.006487403080300523,0.00733051149583589,0.06311311203703991,0.005592637988674077,0.00989229169139642
017be362_01,172,,0.020138230986369594,0.006752564628739514,,0.011335989412841866,0.014930148546899762,,0.00936774579798174,0.02147904288968984
017be362_02,2351,0.06407320100715772,0.014612447937724562,0.004321658067694018,0.06341654450013089,0.009238888049833437,0.009817992801123204,0.06019377960465264,0.008296658052275103,0.012898248796448297
017be362_03,422,0.2209241826910473,0.014319264220981771,0.0043523394413771165,0.24198772282878367,0.010170497623404428,0.007978117853933236,0.22123960211997587,0.009171646364714566,0.011047038125760007
017be362_04,3553,0.09874810366348154,0.012941426168729689,0.004256494878064789,0.09850276196135317,0.00858047126327293,0.009212684043438633,0.1000344369005161,0.007514025616995968,0.011980707492300565
017be362_05,11336,0.08047528060146744,0.011765056439992538,0.005708367325576053,0.08013043982821859,0.007591015741656978,0.009434329218472539,0.07963365609402427,0.006529374668411485,0.012024259722686037
017be362_06,675,0.22454421526119753,0.013397499804802348,0.003550678607308309,0.22377603505770818,0.011005508067381486,0.007215058323817303,0.22783345597037707,0.010507109794449734,0.009437340227957988
017be362_07,7067,0.03595984863948251,0.009013582214803239,0.004883826602840643,0.03505193660778792,0.005896051782863055,0.0073746078737546615,0.03523676156902768,0.005164448599542085,0.009701166093705313
01959149_00,12649,0.10985352569652977,0.012423845101260024,0.0065136990927978896,0.11060343279079834,0.006898550986776527,0.010999525884961201,0.10991291226926593,0.0057767914842146995,0.013418124677419924
01959149_01,1826,0.18723196957547175,0.007485650947347586,0.005225843342637296,0.18662006643048873,0.004701721255077069,0.007004285606094165,0.18661066413128105,0.003946521731131412,0.008507776997051845
01959149_02,183,0.1180898701557178,0.018725448734207967,0.014102478057957614,0.11730179332473871,0.013282622871237014,0.014609017610842052,0.11723492998475991,0.011248415688434873,0.017442689472112045
01959149_03,2072,0.1655741663495592,0.01416347407969182,0.008213322469165575,0.16483097390803408,0.00978821508662928,0.011950159973764404,0.1646673815078052,0.008654684612989204,0.015122837685551189
01959149_04,222,0.16693664419756107,0.01577639725420006,0.006446804961754399,0.16623726990641546,0.010016187677132344,0.010789976531896131,0.16606888986170887,0.008272079725363878,0.015013510484816845
01959149_05,5820,0.1290613378309032,0.01097316985058793,0.007436430457441034,0.13000908413686113,0.006833912509344732,0.010588474061357872,0.12934784012717965,0.005995446842528059,0.012651757359772125
01959149_06,7025,0.10659274145043009,0.01269004502584737,0.004417040720234428,0.10632346184320891,0.007507120994397764,0.010161752954895232,0.10644669348628795,0.006307622203248924,0.013481560980623725
01959149_07,5067,0.07553672683175738,0.010208498550251178,0.005323098737957862,0.07460597056568558,0.006218385852601018,0.008708504552335425,0.07458185016216234,0.005368268757648979,0.010877484582805947
01d09d4c_00,299,0.07535036519242774,0.008310623752168842,0.009565898314184354,0.07508224646262146,0.006230765709413272,0.010276717376409826,0.07471081831823162,0.005599777753561117,0.011370617118200838
01d09d4c_01,11473,0.062419975683391415,0.011638346503109014,0.006886680272242381,0.062174730534439754,0.005942796743117377,0.011106593257607378,0.062825078233993,0.004745299140984721,0.013662278518381471
01e21524_00,1401,0.1562247532220529,0.006105725686786347,0.002426681569036013,0.15261902552870546,0.003945620009322961,0.00439966545234177,0.15286868581406413,0.0035329946146483537,0.0054746640960469705
01e21524_01,642,0.2560718183686004,0.012089244170602058,0.003714923805041567,0.25574896623903143,0.007450148941626795,0.008731207454917959,0.25562211120853345,0.0066100036363160395,0.011614467481601573
01e21524_02,1019,0.10383157867268118,0.009060982907594627,0.003188807094736149,0.10031264083514914,0.00581927811865644,0.00667903415682203,0.10028078969834024,0.00504913958363539,0.009186556623047782
01e21524_03,487,,0.009957877427807675,0.0036125861763143256,,0.006291813117627266,0.007657863933338011,,0.0054060194976675476,0.009797324061758421
01e21524_04,618,0.1796918608738158,0.009292320241216252,0.003993935069953274,0.17943159547209597,0.006285202155640748,0.006544413774650567,0.18037377848896674,0.0056150445308142385,0.008749042347672768
01e21524_05,140,,0.023440973051407542,0.00660948828186796,,0.01032628511541245,0.018570027547544266,,0.008291992952923119,0.02400003262496158
01e21524_06,5874,0.05385055183759743,0.008207402410796451,0.004102310703040441,0.053729425070782336,0.004763570927956081,0.00680304803008679,0.05474693198715032,0.004146534758191459,0.008535976965442662
01e21524_07,517,0.06134788885159524,0.010691997470432379,0.00454532436777185,0.0611468221378224,0.007123474094944676,0.008722382456634618,0.061154422021341436,0.006575917566988026,0.010979301042583937
01e21524_08,5737,0.08269003661195869,0.008928218580568406,0.003959414491781785,0.08249692093637945,0.005744345243868476,0.006959016023528573,0.08264872701550427,0.004939599615544844,0.009340261509076802
01e21524_09,949,,0.00978393850896625,0.006037282922669947,,0.005981277395068984,0.008235116665617838,,0.005446220737221715,0.010070676504133897
01e21524_10,1374,0.02486024703864124,0.006379776555278308,0.003940782955840414,0.024605309951754622,0.0032673761765729037,0.0037838752927675133,0.02472029192143405,0.002874455310820033,0.005052810866875757
01e21524_11,6071,0.09157167429107459,0.004814108582489581,0.0021588995877466054,0.09147626040104784,0.0035626842328661504,0.003362271137668608,0.091506474326286,0.003237731849254254,0.004470211415502377
01e21524_12,4908,0.0569674764467693,0.007230198809907921,0.004338890316938585,0.056853563259926715,0.004479037148494393,0.006392151262873195,0.0581279917407029,0.003939099650304318,0.007850275633132746
01e86404_00,242,0.3869915281057525,0.007392396962494646,0.007461890949966541,0.38436694642401525,0.0052990870387665855,0.008149022662318985,0.38440910515312365,0.004593182924048597,0.009613624751479035
01e86404_01,28860,0.09781306628615298,0.009116967181568493,0.013507753504582566,0.09760286213239608,0.00599644273631432,0.014605469809417734,0.09799946305346148,0.005155239965270095,0.01569214519908628
020829cb_00,2267,0.07557825594621333,0.005446440721324049,0.01276673251113453,0.07538472895585592,0.00424590650803548,0.013051504034123845,0.07549877231272012,0.003835939498308183,0.013507871045368495
020829cb_01,15656,0.06700214897285775,0.006898430956369255,0.01673528360653811,0.06676604418685367,0.0041083795441376305,0.017362509177834093,0.06630336428885154,0.003597313722632632,0.01781137727916889
020829cb_02,1823,0.10016675498036968,0.010364965718232892,0.0036482096853985126,0.10006075150703647,0.007484632345786341,0.0061439833435646945,0.10012782371257513,0.0063731643870634245,0.009453308461093888
0209f084_00,1048,0.0620969738699558,0.00504788699194568,0.00535851086820898,0.0621171841101252,0.003806155272994515,0.005783009106006804,0.06214720850001621,0.0034520602990277182,0.006454827545859241
0209f084_01,12448,0.05062128845958273,0.011732135482733488,0.0069446670204731204,0.050422705446327806,0.006190407892222081,0.011189718961566583,0.05110174511200544,0.005024488851695832,0.013673741988981596
021286dc_00,1462,0.039499804218681704,0.007165267788349532,0.004346253444621418,0.03930656529849526,0.00424315111171836,0.00652619308573736,0.03954268486415171,0.0037057684711166543,0.007846957702616281
021286dc_01,4764,0.11496863032134785,0.013680241555993239,0.006144391612093368,0.11720867516986358,0.007724880625930165,0.01176621267278487,0.1170834146514323,0.006313534173643747,0.015185838671705587
021286dc_02,4616,0.09211289119099908,0.011513766556547204,0.0069431746391534314,0.09185769303670614,0.005856353365357025,0.011134118465597226,0.09046289163137958,0.0047624636061047295,0.013282435428158513
024e8e83_00,26149,0.13441464100674838,0.010726577458730603,0.011841537905624134,0.13464274574352111,0.006647607111520924,0.013828488478761981,0.1345468590295248,0.005673037928480626,0.015587934098410187
025c3909_00,6979,0.06544826933366928,0.01292412839063788,0.00563945256339346,0.06380082243265862,0.006834255577896796,0.011084281675754133,0.06408661038709763,0.005767799604963087,0.013641681395674038
025c3909_01,1730,0.05649573193470151,0.014587730058859832,0.00576463684167163,0.05639139544010869,0.008133748205490293,0.011580115148525466,0.05671205900892591,0.00665276082280292,0.015540576993885218
025c3909_02,4158,0.03437945297171392,0.010246578123621662,0.00965521622229125,0.0342604059134917,0.006340831956766816,0.011667966491463276,0.034216035835232354,0.0056110501482671445,0.013282076333668775
025c3909_03,1892,0.0952779322471593,0.01338027730213989,0.009269128989937621,0.09497737600060521,0.007732870331312743,0.01333897092032799,0.09483321521884147,0.0066123301837048894,0.015978958312149398
025c3909_04,3548,0.05923942849279424,0.013540021017140268,0.004442266796336302,0.060327374658208914,0.009999589459534854,0.009467643847145836,0.059328283961321296,0.007939798279941169,0.013216278856328404
025c3909_05,872,0.05668461578837419,0.016172298439288663,0.01369072879269778,0.05520463554774091,0.009320757493968011,0.017127211659931373,0.06507926158232437,0.007891712173550202,0.019851882816677314
025c3909_06,938,0.16280957756997733,0.016080098098463984,0.005630741164422038,0.16255088389023378,0.012984395076191977,0.009965519034572089,0.149478755099448,0.01174069104125502,0.014760603046809737
025c3909_07,1471,0.07137560371454015,0.010880361965735911,0.03154024872677289,0.07082430734545907,0.0062113015990711735,0.032399059927118855,0.07046679471085808,0.005388402621516695,0.033076218907109364
025c3909_08,193,0.10302977419027468,0.01376286248267982,0.00784315293247734,0.10145350151023237,0.007113199079852874,0.011319334535583155,0.10033064035589664,0.006469925586536296,0.01288896149788236
025e793e_00,3347,0.07805157216628501,0.008810623763196133,0.002688977383859989,0.07775714552759515,0.005440850928794615,0.00649849289710051,0.07801190662866062,0.004667535086316536,0.008820840487109585
025e793e_01,5790,0.10809284124378367,0.013523547168520243,0.005463837442957362,0.10765332280138225,0.009116978555121771,0.01009467307069233,0.10744798912419304,0.00789642337646913,0.013575972109940685
025e793e_02,2440,0.06653288556023391,0.010129750234387754,0.002932026795463419,0.06640716478506097,0.005873462858226609,0.00768857260251365,0.06687370892507168,0.005011997907259876,0.010321808448066707
025e793e_03,4868,0.07392465565932733,0.008975946167053604,0.00283052197828882,0.07366604212452275,0.005775070453507807,0.005972365629750081,0.07288281955226185,0.005046244987980633,0.008193912726658904
025e793e_04,7897,0.09821924527371458,0.010947065238681875,0.003710538805449128,0.09799976481831198,0.007382796582963775,0.007737087717453002,0.09799510990878757,0.00638727432941026,0.010882777151204667
025e793e_05,3349,0.14154769406802475,0.0121831240001615,0.0047542736010250325,0.1402013817392026,0.008150245847034372,0.009050855692593793,0.14068584301423798,0.006905132990179685,0.012008525922115623
027a633e_00,16097,0.056828385782312696,0.0067974009684931115,0.0025836173324242998,0.05645404022847818,0.0041689164844669864,0.004946017887408045,0.05666553792919746,0.00356601577800189,0.0064725364063854245
027a633e_01,1855,0.10717465725574092,0.015322717829867733,0.00529403349771909,0.10668928738724096,0.008136503046993865,0.012343016500128217,0.10716855678330565,0.006834024775906733,0.01543911818385738
027a633e_02,1013,0.032440325309750766,0.00603296988932052,0.0023434880207179637,0.036482346294293436,0.003750117067262055,0.002671676578612222,0.036361146943942116,0.0033430315158334226,0.004139343970852654
027a633e_03,941,0.19180566554102102,0.012640409202353105,0.0045722020009704,0.1913840196200661,0.007605924485832552,0.009277297495210494,0.18894352442316928,0.006405522878945724,0.012467443739145061
027a633e_04,799,0.14044953661266976,0.015405846330305374,0.0051480793777133665,0.14005042633668938,0.008191817398083133,0.012004897033500519,0.14297637641201286,0.006771167738051698,0.01579972953589837
027a633e_05,1791,0.12761331381841373,0.013793561447197131,0.003945036627335114,0.130753243102725,0.0070587617354476015,0.010720349570198271,0.13071634758271508,0.005533475547222045,0.01377788773640495
027a633e_06,1117,0.18720350099677943,0.01654097898581923,0.0074743511001840795,0.18653624871866953,0.008551004405886808,0.01562522863039369,0.18596503273106704,0.006777961592370879,0.019542747727223083
027a633e_07,12689,0.1765769479963517,0.01522776184144907,0.005013994204702299,0.17724913029476425,0.007698010952283064,0.012178954917841628,0.17628123289671593,0.00617932313381035,0.015642196262852456
027a633e_08,2983,0.1702835353164556,0.01934415990078363,0.006106899369606543,0.16814586027066503,0.0083960009411404,0.01536587685008897,0.16829341537167433,0.006431522717563063,0.01971150661678595
027a633e_09,987,0.19028063397302947,0.0111452440033339,0.004622649353097323,0.1891924954473362,0.006897727024039942,0.008901752732850729,0.18898699924621992,0.005738714570619732,0.011995784840126074
027a633e_10,1625,0.17266151732684915,0.01776655745179871,0.00656898665022638,0.17460221446803878,0.008345477499218225,0.014628431476435349,0.17440495207067708,0.006552385990922015,0.017874886161347595
027a633e_11,207,0.22846224200617207,0.014109746939063146,0.0049316108594930665,0.22750449774411755,0.00787318222957981,0.011148888577791664,0.22875326092624293,0.006738460084503078,0.01474055311856904
027a633e_12,535,0.0744498464854117,0.01277208259529888,0.0034085086413433753,0.07364062868053411,0.0075008643066874735,0.008275736237944722,0.07338739162867118,0.006490062319010869,0.009862873395471046
027a633e_13,1043,0.0761307207277612,0.014474334564808657,0.005338489596539841,0.07570223247586824,0.007514075327568249,0.012414420009812941,0.07546942744100336,0.006412835462877954,0.01606307340750325
027a633e_14,2324,0.0624426163496612,0.010385243560316382,0.01143581832433382,0.062059042673819585,0.0062299327912140445,0.013089962905947657,0.061984978708671125,0.005157225637743837,0.014598756763436646
027a633e_15,2539,0.08207593583279513,0.010359631981048022,0.01126785899128837,0.07987234040414017,0.006186634017877792,0.013297589718877442,0.07962292328228311,0.005424524902858859,0.01471993393512686
027a633e_16,5964,0.12830850764206972,0.016326007621403644,0.005419774072165834,0.1285168557335959,0.007944930853365445,0.013516057588874543,0.12743835664685935,0.006295415231497998,0.01726894216420994
027a633e_17,4107,0.16249160100712107,0.019053575946196864,0.006535545386721551,0.16201802455721093,0.008337387316137486,0.016252011519079526,0.16057328062900916,0.006521176770256734,0.020171323415167253
027a633e_18,1919,0.1247392771328598,0.016321772264364456,0.005597648233162331,0.12415885464737735,0.007325799445768334,0.013412886335496739,0.12409970363777281,0.0057420673367165305,0.01672821753137445
027a633e_19,379,,0.013256605763458293,0.00469426627707784,,0.004392968742741136,0.012225951037235606,,0.0030258898193980645,0.014765727953871963
027a633e_20,3273,0.12813399842569678,0.008600731163389825,0.004122418473630024,0.12887369635886867,0.005388023758115826,0.006811672745437865,0.12773166070674752,0.0047825592374335455,0.008674242051521367
027a633e_21,626,,0.012229719498224,0.004366700991280445,,0.006502408836783076,0.009436818369389918,,0.005501942707064676,0.011853815788166723
027a633e_22,1128,0.2107688923543932,0.015926528928281593,0.004916044403829755,0.2093658816375064,0.008422955471609678,0.012328769439521846,0.21463950343965876,0.006894091926214565,0.015920638939883602
0281c09f_00,2146,0.1364449824246501,0.013780364751199294,0.004939867953800185,0.1356628421900013,0.008771924928556144,0.010012291287377307,0.1357835510786554,0.007222053533034793,0.012937208035037234
0281c09f_01,14658,0.07784368886778778,0.010016429951635614,0.005264462147057136,0.07742837528066601,0.005334241455955548,0.009023318572959302,0.07713258082162884,0.0043359578785443,0.011257969303210554
